DEWP;HUMI;PRES;TEMP;cbwd;Iws;precipitation;Iprec;PM_US Post
-3.0;22.0;1010.0;19.0;7;70.63;0.0;0.0;16.0
-4.0;22.0;1010.0;18.0;7;78.68;0.0;0.0;16.0
-3.0;30.0;1011.0;14.0;7;84.49;0.0;0.0;16.0
-3.0;34.0;1013.0;12.0;7;90.3;0.0;0.0;16.0
-3.0;32.0;1014.0;13.0;7;96.11;0.0;0.0;16.0
-3.0;37.0;1014.0;11.0;7;99.24;0.0;0.0;16.0
-4.0;34.0;1015.0;11.0;7;104.16;0.0;0.0;16.0
-4.0;32.0;1015.0;12.0;7;112.21;0.0;0.0;5.0
-4.0;34.0;1015.0;11.0;7;118.02;0.0;0.0;4.0
-5.0;32.0;1015.0;11.0;7;123.83;0.0;0.0;5.0
-5.0;32.0;1015.0;11.0;7;131.88;0.0;0.0;5.0
-5.0;32.0;1016.0;11.0;7;139.03;0.0;0.0;3.0
-4.0;39.0;1016.0;9.0;7;143.05;0.0;0.0;1.0
-4.0;39.0;1016.0;9.0;7;147.97;0.0;0.0;5.0
-3.0;42.0;1016.0;9.0;7;153.78;0.0;0.0;6.0
-3.0;39.0;1017.0;10.0;7;160.93;0.0;0.0;16.0
-5.0;30.0;1018.0;12.0;7;168.98;0.0;0.0;16.0
-4.0;30.0;1018.0;13.0;7;177.03;0.0;0.0;16.0
-4.0;28.0;1018.0;14.0;7;186.86;0.0;0.0;16.0
-4.0;28.0;1018.0;14.0;7;195.8;0.0;0.0;16.0
-4.0;26.0;1018.0;15.0;7;206.98;0.0;0.0;16.0
-5.0;23.0;1017.0;16.0;7;219.05;0.0;0.0;16.0
-5.0;23.0;1017.0;16.0;7;232.01;0.0;0.0;16.0
-5.0;23.0;1016.0;16.0;7;241.84;0.0;0.0;16.0
-5.0;23.0;1016.0;16.0;7;250.78;0.0;0.0;7.0
-5.0;26.0;1016.0;14.0;7;258.83;0.0;0.0;9.0
-5.0;26.0;1016.0;14.0;7;264.64;0.0;0.0;9.0
-5.0;28.0;1016.0;13.0;7;269.56;0.0;0.0;9.0
-5.0;28.0;1016.0;13.0;7;273.58;0.0;0.0;9.0
-4.0;30.0;1016.0;13.0;7;277.6;0.0;0.0;5.0
-4.0;28.0;1016.0;14.0;7;284.75;0.0;0.0;8.0
-4.0;28.0;1016.0;14.0;7;292.8;0.0;0.0;10.0
-3.0;30.0;1015.0;14.0;7;300.85;0.0;0.0;6.0
-3.0;30.0;1015.0;14.0;7;308.9;0.0;0.0;5.0
-3.0;30.0;1015.0;14.0;7;316.05;0.0;0.0;7.0
-2.0;33.0;1015.0;14.0;7;324.1;0.0;0.0;6.0
-1.0;35.0;1015.0;14.0;7;333.04;0.0;0.0;5.0
-1.0;35.0;1015.0;14.0;7;341.09;0.0;0.0;6.0
0.0;38.0;1016.0;14.0;7;346.9;0.0;0.0;9.0
0.0;35.0;1016.0;15.0;7;352.71;0.0;0.0;10.0
1.0;36.0;1017.0;16.0;7;359.86;0.0;0.0;8.0
2.0;36.0;1018.0;17.0;7;365.67;0.0;0.0;8.0
2.0;34.0;1018.0;18.0;7;371.48;0.0;0.0;7.0
2.0;30.0;1018.0;20.0;7;378.63;0.0;0.0;9.0
2.0;28.0;1018.0;21.0;7;387.57;0.0;0.0;9.0
2.0;28.0;1017.0;21.0;7;396.51;0.0;0.0;7.0
1.0;26.0;1017.0;21.0;7;405.45;0.0;0.0;7.0
0.0;23.0;1017.0;22.0;7;414.39;0.0;0.0;8.0
0.0;23.0;1016.0;22.0;7;422.44;0.0;0.0;8.0
0.0;23.0;1017.0;22.0;7;428.25;0.0;0.0;6.0
0.0;24.0;1017.0;21.0;7;433.17;0.0;0.0;15.0
-1.0;24.0;1018.0;20.0;7;438.98;0.0;0.0;5.0
0.0;31.0;1019.0;17.0;7;443.0;0.0;0.0;7.0
-2.0;25.0;1020.0;18.0;7;447.92;0.0;0.0;6.0
-3.0;23.0;1021.0;18.0;7;453.73;0.0;0.0;3.0
0.0;40.0;1021.0;13.0;7;455.52;0.0;0.0;2.0
2.0;57.0;1021.0;10.0;1;1.79;0.0;0.0;6.0
-1.0;37.0;1021.0;13.0;7;1.79;0.0;0.0;10.0
2.0;65.0;1021.0;8.0;7;4.92;0.0;0.0;6.0
2.0;65.0;1021.0;8.0;1;1.79;0.0;0.0;6.0
3.0;75.0;1021.0;7.0;7;0.89;0.0;0.0;9.0
3.0;81.0;1021.0;6.0;7;2.68;0.0;0.0;12.0
3.0;81.0;1022.0;6.0;3;0.89;0.0;0.0;11.0
4.0;75.0;1022.0;8.0;7;1.79;0.0;0.0;16.0
3.0;47.0;1023.0;14.0;1;0.89;0.0;0.0;17.0
1.0;29.0;1023.0;19.0;7;1.79;0.0;0.0;12.0
0.0;26.0;1023.0;20.0;7;7.6;0.0;0.0;9.0
-1.0;21.0;1022.0;22.0;7;13.41;0.0;0.0;10.0
-2.0;17.0;1021.0;24.0;7;20.56;0.0;0.0;7.0
-1.0;19.0;1020.0;24.0;7;25.48;0.0;0.0;5.0
-1.0;17.0;1020.0;25.0;7;30.4;0.0;0.0;5.0
-2.0;16.0;1019.0;25.0;7;35.32;0.0;0.0;8.0
-1.0;17.0;1018.0;25.0;7;40.24;0.0;0.0;10.0
-1.0;17.0;1018.0;25.0;3;4.02;0.0;0.0;12.0
1.0;23.0;1018.0;23.0;3;8.04;0.0;0.0;22.0
1.0;24.0;1019.0;22.0;3;11.17;0.0;0.0;24.0
1.0;26.0;1019.0;21.0;3;14.3;0.0;0.0;26.0
3.0;39.0;1019.0;17.0;8;0.89;0.0;0.0;27.0
6.0;66.0;1020.0;12.0;8;1.34;0.0;0.0;26.0
6.0;76.0;1020.0;10.0;8;1.79;0.0;0.0;33.0
6.0;81.0;1020.0;9.0;8;2.68;0.0;0.0;34.0
5.0;75.0;1020.0;9.0;7;1.79;0.0;0.0;43.0
5.0;81.0;1021.0;8.0;7;3.58;0.0;0.0;26.0
5.0;81.0;1020.0;8.0;7;6.71;0.0;0.0;36.0
4.0;70.0;1021.0;9.0;7;8.5;0.0;0.0;30.0
5.0;81.0;1021.0;8.0;7;10.29;0.0;0.0;30.0
4.0;81.0;1021.0;7.0;7;13.42;0.0;0.0;25.0
5.0;71.0;1021.0;10.0;7;16.55;0.0;0.0;34.0
5.0;54.0;1022.0;14.0;7;19.68;0.0;0.0;30.0
5.0;39.0;1022.0;19.0;7;22.81;0.0;0.0;19.0
3.0;28.0;1022.0;22.0;7;25.94;0.0;0.0;16.0
2.0;23.0;1021.0;24.0;7;27.73;0.0;0.0;15.0
1.0;20.0;1021.0;25.0;7;29.52;0.0;0.0;15.0
1.0;18.0;1020.0;27.0;8;0.89;0.0;0.0;15.0
1.0;18.0;1019.0;27.0;8;1.78;0.0;0.0;11.0
1.0;18.0;1018.0;27.0;8;3.57;0.0;0.0;10.0
2.0;19.0;1018.0;27.0;8;4.46;0.0;0.0;22.0
5.0;31.0;1017.0;23.0;3;1.79;0.0;0.0;26.0
3.0;25.0;1017.0;24.0;3;4.92;0.0;0.0;52.0
8.0;62.0;1018.0;15.0;3;6.71;0.0;0.0;69.0
8.0;67.0;1018.0;14.0;3;8.5;0.0;0.0;86.0
9.0;76.0;1019.0;13.0;1;1.79;0.0;0.0;95.0
9.0;76.0;1019.0;13.0;3;0.89;0.0;0.0;106.0
9.0;76.0;1019.0;13.0;3;2.68;0.0;0.0;126.0
7.0;62.0;1018.0;14.0;8;0.89;0.0;0.0;137.0
8.0;81.0;1018.0;11.0;1;1.79;0.0;0.0;122.0
8.0;81.0;1018.0;11.0;7;1.79;0.0;0.0;128.0
8.0;81.0;1018.0;11.0;7;2.68;0.0;0.0;133.0
9.0;87.0;1018.0;11.0;8;0.89;0.0;0.0;106.0
8.0;81.0;1018.0;11.0;7;1.79;0.0;0.0;94.0
7.0;81.0;1018.0;10.0;7;4.92;0.0;0.0;87.0
8.0;87.0;1019.0;10.0;8;0.89;0.0;0.0;88.0
8.0;71.0;1019.0;13.0;7;1.79;0.0;0.0;96.0
9.0;67.0;1018.0;15.0;7;4.92;0.0;0.0;101.0
7.0;55.0;1018.0;16.0;8;0.89;0.0;0.0;90.0
7.0;45.0;1018.0;19.0;7;3.13;0.0;0.0;86.0
7.0;40.0;1018.0;21.0;7;6.26;0.0;0.0;89.0
7.0;40.0;1017.0;21.0;8;0.89;0.0;0.0;82.0
7.0;37.0;1016.0;22.0;1;3.13;0.0;0.0;78.0
7.0;40.0;1016.0;21.0;1;4.92;0.0;0.0;90.0
10.0;49.0;1016.0;21.0;3;1.79;0.0;0.0;101.0
8.0;43.0;1016.0;21.0;8;1.79;0.0;0.0;122.0
10.0;59.0;1016.0;18.0;8;2.68;0.0;0.0;134.0
11.0;76.0;1017.0;15.0;8;3.13;0.0;0.0;159.0
12.0;87.0;1017.0;14.0;1;0.89;0.0;0.0;154.0
11.0;87.0;1018.0;13.0;3;0.89;0.0;0.0;163.0
11.0;87.0;1018.0;13.0;3;1.78;0.0;0.0;198.0
10.0;87.0;1018.0;12.0;7;1.79;0.0;0.0;134.0
10.0;87.0;1017.0;12.0;7;3.58;0.0;0.0;116.0
10.0;93.0;1017.0;11.0;7;4.47;0.0;0.0;133.0
9.0;87.0;1017.0;11.0;7;6.26;0.0;0.0;129.0
9.0;93.0;1017.0;10.0;7;8.05;0.0;0.0;120.0
8.0;87.0;1017.0;10.0;7;9.84;0.0;0.0;116.0
8.0;87.0;1017.0;10.0;7;11.63;0.0;0.0;96.0
8.0;87.0;1017.0;10.0;7;13.42;0.0;0.0;89.0
8.0;87.0;1018.0;10.0;7;15.21;0.0;0.0;93.0
10.0;81.0;1018.0;13.0;7;17.0;0.0;0.0;92.0
10.0;59.0;1018.0;18.0;7;18.79;0.0;0.0;90.0
9.0;49.0;1018.0;20.0;7;20.58;0.0;0.0;80.0
9.0;46.0;1018.0;21.0;1;1.79;0.0;0.0;68.0
9.0;38.0;1017.0;24.0;8;0.89;0.0;0.0;65.0
9.0;38.0;1016.0;24.0;8;2.68;0.0;0.0;74.0
8.0;33.0;1015.0;25.0;8;4.47;0.0;0.0;83.0
8.0;31.0;1015.0;26.0;3;3.13;0.0;0.0;93.0
8.0;33.0;1015.0;25.0;3;6.26;0.0;0.0;87.0
9.0;38.0;1015.0;24.0;3;9.39;0.0;0.0;97.0
9.0;46.0;1016.0;21.0;3;12.52;0.0;0.0;111.0
12.0;82.0;1016.0;15.0;3;13.41;0.0;0.0;141.0
12.0;87.0;1017.0;14.0;8;0.89;0.0;0.0;165.0
12.0;87.0;1017.0;14.0;8;1.78;0.0;0.0;189.0
12.0;87.0;1018.0;14.0;8;2.67;0.0;0.0;203.0
10.0;81.0;1018.0;13.0;8;3.56;0.0;0.0;172.0
11.0;93.0;1018.0;12.0;8;4.45;0.0;0.0;157.0
10.0;93.0;1018.0;11.0;8;4.9;0.0;0.0;156.0
10.0;100.0;1018.0;10.0;8;5.79;0.0;0.0;164.0
10.0;93.0;1018.0;11.0;8;6.24;0.0;0.0;152.0
9.0;93.0;1018.0;10.0;7;0.89;0.0;0.0;113.0
9.0;93.0;1018.0;10.0;7;1.78;0.0;0.0;114.0
9.0;100.0;1018.0;9.0;8;0.45;0.0;0.0;115.0
9.0;100.0;1019.0;9.0;8;1.34;0.0;0.0;124.0
12.0;100.0;1019.0;12.0;8;2.23;0.0;0.0;141.0
13.0;82.0;1020.0;16.0;7;0.89;0.0;0.0;173.0
12.0;67.0;1019.0;18.0;1;1.79;0.0;0.0;229.0
12.0;59.0;1019.0;20.0;8;0.89;0.0;0.0;228.0
12.0;56.0;1018.0;21.0;3;1.79;0.0;0.0;238.0
13.0;53.0;1017.0;23.0;8;0.89;0.0;0.0;249.0
13.0;53.0;1016.0;23.0;3;1.79;0.0;0.0;249.0
13.0;50.0;1016.0;24.0;3;3.58;0.0;0.0;209.0
13.0;53.0;1016.0;23.0;3;5.37;0.0;0.0;213.0
15.0;68.0;1016.0;21.0;8;0.89;0.0;0.0;234.0
14.0;82.0;1016.0;17.0;3;0.89;0.0;0.0;270.0
13.0;87.0;1017.0;15.0;1;0.89;0.0;0.0;309.0
13.0;87.0;1017.0;15.0;8;0.45;0.0;0.0;308.0
13.0;93.0;1017.0;14.0;7;0.89;0.0;0.0;339.0
12.0;93.0;1018.0;13.0;8;0.45;0.0;0.0;342.0
12.0;93.0;1018.0;13.0;8;1.34;0.0;0.0;322.0
12.0;100.0;1017.0;12.0;8;2.23;0.0;0.0;308.0
11.0;93.0;1017.0;12.0;1;0.89;0.0;0.0;321.0
10.0;93.0;1017.0;11.0;3;1.79;0.0;0.0;303.0
11.0;100.0;1017.0;11.0;3;2.68;0.0;0.0;311.0
11.0;100.0;1017.0;11.0;8;0.45;0.0;0.0;300.0
10.0;93.0;1017.0;11.0;7;0.89;0.0;0.0;304.0
9.0;93.0;1017.0;10.0;1;0.89;0.0;0.0;285.0
9.0;93.0;1017.0;10.0;8;0.89;0.0;0.0;281.0
12.0;100.0;1017.0;12.0;1;0.89;0.0;0.0;286.0
14.0;93.0;1018.0;15.0;7;0.89;0.0;0.0;288.0
12.0;67.0;1018.0;18.0;8;0.89;0.0;0.0;287.0
11.0;59.0;1017.0;19.0;8;1.78;0.0;0.0;282.0
11.0;56.0;1017.0;20.0;1;1.79;0.0;0.0;276.0
12.0;53.0;1016.0;22.0;8;0.89;0.0;0.0;278.0
12.0;53.0;1016.0;22.0;3;1.79;0.0;0.0;283.0
12.0;53.0;1016.0;22.0;8;0.89;0.0;0.0;295.0
13.0;60.0;1016.0;21.0;8;1.78;0.0;0.0;298.0
14.0;72.0;1016.0;19.0;8;2.67;0.0;0.0;310.0
14.0;82.0;1017.0;17.0;8;3.56;0.0;0.0;343.0
13.0;93.0;1018.0;14.0;8;4.45;0.0;0.0;347.0
13.0;93.0;1018.0;14.0;3;0.89;0.0;0.0;339.0
12.0;87.0;1019.0;14.0;8;0.89;0.0;0.0;320.0
12.0;87.0;1019.0;14.0;7;3.13;0.0;0.0;310.0
11.0;82.0;1020.0;14.0;7;4.92;0.0;0.0;309.0
10.0;87.0;1020.0;12.0;7;8.94;0.0;0.0;260.0
11.0;82.0;1021.0;14.0;7;12.07;0.0;0.0;195.0
10.0;76.0;1022.0;14.0;1;1.79;0.0;0.0;136.0
9.0;81.0;1022.0;12.0;7;3.13;0.0;0.0;60.0
4.0;44.0;1023.0;16.0;1;4.02;0.0;0.0;20.0
4.0;44.0;1024.0;16.0;1;7.15;0.0;0.0;21.0
4.0;50.0;1025.0;14.0;1;8.94;0.0;0.0;15.0
3.0;44.0;1025.0;15.0;1;12.07;0.0;0.0;12.0
4.0;44.0;1026.0;16.0;1;15.2;0.0;0.0;24.0
3.0;39.0;1027.0;17.0;1;19.22;0.0;0.0;10.0
3.0;36.0;1027.0;18.0;1;22.35;0.0;0.0;28.0
5.0;42.0;1027.0;18.0;3;4.92;0.0;0.0;26.0
5.0;42.0;1026.0;18.0;3;8.94;0.0;0.0;38.0
4.0;37.0;1025.0;19.0;3;13.86;0.0;0.0;51.0
5.0;42.0;1024.0;18.0;3;17.88;0.0;0.0;32.0
5.0;42.0;1024.0;18.0;3;21.9;0.0;0.0;33.0
4.0;41.0;1024.0;17.0;3;26.82;0.0;0.0;30.0
5.0;47.0;1024.0;16.0;3;30.84;0.0;0.0;29.0
4.0;47.0;1023.0;15.0;3;34.86;0.0;0.0;36.0
3.0;47.0;1024.0;14.0;3;37.99;0.0;0.0;43.0
3.0;50.0;1024.0;13.0;3;39.78;0.0;0.0;43.0
5.0;58.0;1024.0;13.0;3;43.8;0.0;0.0;31.0
5.0;54.0;1024.0;14.0;3;48.72;0.0;0.0;29.0
4.0;54.0;1023.0;13.0;3;53.64;0.0;0.0;28.0
5.0;66.0;1022.0;11.0;3;55.43;0.0;0.0;19.0
5.0;75.0;1022.0;9.0;8;0.89;0.0;0.0;21.0
6.0;87.0;1021.0;8.0;8;1.78;0.0;0.0;17.0
6.0;76.0;1020.0;10.0;8;2.67;0.0;0.0;18.0
5.0;71.0;1019.0;10.0;8;3.56;0.0;0.0;35.0
5.0;71.0;1019.0;10.0;8;4.45;0.0;0.0;38.0
4.0;66.0;1018.0;10.0;8;5.34;0.0;0.0;35.0
5.0;71.0;1018.0;10.0;1;0.89;0.0;0.0;43.0
5.0;66.0;1018.0;11.0;8;0.89;0.0;0.0;42.0
5.0;62.0;1019.0;12.0;8;1.78;0.0;0.0;44.0
6.0;54.0;1018.0;15.0;3;1.79;0.0;0.0;44.0
7.0;55.0;1017.0;16.0;8;0.89;0.0;0.0;43.0
7.0;51.0;1016.0;17.0;8;2.68;0.0;0.0;49.0
8.0;51.0;1015.0;18.0;8;4.47;0.0;0.0;62.0
8.0;48.0;1014.0;19.0;8;6.26;0.0;0.0;66.0
8.0;48.0;1013.0;19.0;8;8.05;0.0;0.0;69.0
9.0;52.0;1013.0;19.0;3;1.79;0.0;0.0;70.0
9.0;55.0;1013.0;18.0;3;3.58;0.0;0.0;76.0
10.0;76.0;1014.0;14.0;3;5.37;0.0;0.0;90.0
10.0;87.0;1015.0;12.0;8;0.89;0.0;0.0;104.0
10.0;93.0;1015.0;11.0;1;1.79;0.0;0.0;115.0
9.0;87.0;1016.0;11.0;1;2.68;0.0;0.0;129.0
10.0;93.0;1016.0;11.0;8;0.45;0.0;0.0;149.0
9.0;93.0;1016.0;10.0;8;1.34;0.0;0.0;146.0
8.0;93.0;1016.0;9.0;1;0.89;0.0;0.0;133.0
9.0;100.0;1016.0;9.0;1;1.78;0.0;0.0;123.0
8.0;93.0;1016.0;9.0;8;0.89;0.0;0.0;93.0
8.0;93.0;1016.0;9.0;1;1.79;0.0;0.0;91.0
8.0;93.0;1017.0;9.0;7;1.79;0.0;0.0;96.0
8.0;93.0;1017.0;9.0;7;3.58;0.0;0.0;89.0
9.0;93.0;1018.0;10.0;7;5.37;0.0;0.0;81.0
10.0;93.0;1019.0;11.0;7;8.5;0.0;0.0;81.0
10.0;87.0;1019.0;12.0;1;1.79;0.0;0.0;85.0
10.0;87.0;1020.0;12.0;7;3.13;0.0;0.0;94.0
9.0;76.0;1020.0;13.0;7;4.92;0.0;0.0;81.0
10.0;81.0;1020.0;13.0;8;0.89;0.0;0.0;74.0
7.0;62.0;1019.0;14.0;8;1.78;0.0;0.0;64.0
2.0;44.0;1018.0;14.0;3;3.13;0.0;0.0;53.0
5.0;58.0;1018.0;13.0;7;0.89;0.0;0.0;42.0
7.0;66.0;1017.0;13.0;8;0.89;0.0;0.0;36.0
7.0;66.0;1017.0;13.0;1;1.79;0.0;0.0;47.0
8.0;76.0;1017.0;12.0;7;4.02;0.0;0.0;62.0
8.0;76.0;1017.0;12.0;7;7.15;0.0;0.0;62.0
9.0;81.0;1018.0;12.0;7;11.17;0.0;0.0;71.0
9.0;81.0;1018.0;12.0;7;14.3;0.0;0.0;70.0
9.0;81.0;1019.0;12.0;7;18.32;0.0;0.0;63.0
9.0;87.0;1019.0;11.0;7;23.24;0.0;0.0;58.0
9.0;87.0;1020.0;11.0;1;3.13;0.0;0.0;55.0
9.0;87.0;1020.0;11.0;7;3.13;0.1;0.1;56.0
9.0;93.0;1020.0;10.0;1;1.79;0.2;0.3;52.0
9.0;93.0;1020.0;10.0;1;3.58;0.2;0.5;36.0
9.0;93.0;1020.0;10.0;8;0.89;0.0;0.0;44.0
9.0;93.0;1020.0;10.0;7;1.79;0.0;0.0;52.0
9.0;93.0;1021.0;10.0;1;1.79;0.0;0.0;49.0
9.0;100.0;1021.0;9.0;1;4.92;0.4;0.4;44.0
9.0;100.0;1022.0;9.0;1;6.71;0.4;0.8;39.0
8.0;93.0;1024.0;9.0;1;9.84;0.1;0.9;35.0
8.0;87.0;1024.0;10.0;8;0.89;0.3;1.2;35.0
9.0;93.0;1025.0;10.0;8;1.78;0.0;0.0;32.0
9.0;87.0;1025.0;11.0;8;2.67;0.0;0.0;39.0
9.0;93.0;1025.0;10.0;3;3.13;0.0;0.0;50.0
9.0;93.0;1025.0;10.0;3;4.92;0.0;0.0;57.0
9.0;93.0;1025.0;10.0;8;0.89;0.0;0.0;51.0
9.0;93.0;1025.0;10.0;3;1.79;0.0;0.0;58.0
8.0;87.0;1025.0;10.0;3;3.58;0.0;0.0;62.0
9.0;93.0;1025.0;10.0;3;5.37;0.0;0.0;51.0
9.0;93.0;1026.0;10.0;3;6.26;0.0;0.0;39.0
9.0;93.0;1026.0;10.0;3;7.15;0.0;0.0;69.0
9.0;93.0;1026.0;10.0;3;8.04;0.0;0.0;80.0
9.0;93.0;1027.0;10.0;3;9.83;0.0;0.0;74.0
9.0;93.0;1026.0;10.0;3;10.72;0.0;0.0;75.0
9.0;93.0;1026.0;10.0;8;0.89;0.0;0.0;72.0
9.0;93.0;1026.0;10.0;1;0.89;0.1;0.1;81.0
9.0;93.0;1025.0;10.0;3;0.89;0.3;0.4;80.0
9.0;93.0;1025.0;10.0;8;0.89;2.0;2.4;77.0
10.0;100.0;1026.0;10.0;8;1.78;2.5;4.9;45.0
10.0;100.0;1025.0;10.0;8;2.67;1.2;6.1;23.0
9.0;93.0;1026.0;10.0;1;1.79;1.0;7.1;20.0
8.0;93.0;1026.0;9.0;8;0.89;0.3;7.4;29.0
8.0;93.0;1026.0;9.0;8;1.78;0.2;7.6;20.0
8.0;93.0;1026.0;9.0;7;3.13;0.3;7.9;15.0
7.0;87.0;1026.0;9.0;7;6.26;0.2;8.1;17.0
7.0;81.0;1026.0;10.0;7;10.28;0.0;0.0;17.0
7.0;81.0;1026.0;10.0;7;13.41;0.0;0.0;10.0
7.0;81.0;1025.0;10.0;7;16.54;0.0;0.0;17.0
7.0;76.0;1025.0;11.0;7;19.67;0.0;0.0;21.0
7.0;76.0;1024.0;11.0;7;22.8;0.0;0.0;21.0
7.0;76.0;1023.0;11.0;7;24.59;0.0;0.0;19.0
7.0;76.0;1023.0;11.0;8;0.89;0.0;0.0;13.0
8.0;81.0;1022.0;11.0;8;1.78;0.0;0.0;14.0
8.0;81.0;1022.0;11.0;8;2.67;0.0;0.0;27.0
6.0;71.0;1022.0;11.0;8;4.46;0.0;0.0;31.0
7.0;81.0;1022.0;10.0;8;5.35;0.0;0.0;30.0
8.0;93.0;1022.0;9.0;8;6.24;0.0;0.0;32.0
8.0;93.0;1022.0;9.0;8;7.13;0.0;0.0;29.0
8.0;93.0;1022.0;9.0;8;8.02;0.0;0.0;30.0
8.0;93.0;1021.0;9.0;1;0.89;0.0;0.0;38.0
8.0;93.0;1021.0;9.0;8;0.89;0.0;0.0;41.0
8.0;93.0;1021.0;9.0;3;0.89;0.0;0.0;38.0
8.0;93.0;1020.0;9.0;8;0.45;0.0;0.0;36.0
8.0;93.0;1020.0;9.0;1;0.89;0.0;0.0;33.0
8.0;93.0;1019.0;9.0;8;0.89;0.0;0.0;39.0
8.0;93.0;1019.0;9.0;7;0.89;0.0;0.0;48.0
8.0;93.0;1019.0;9.0;8;0.89;0.0;0.0;62.0
9.0;93.0;1020.0;10.0;8;1.78;0.0;0.0;62.0
8.0;76.0;1020.0;12.0;7;1.79;0.0;0.0;58.0
9.0;67.0;1020.0;15.0;8;0.89;0.0;0.0;43.0
9.0;63.0;1019.0;16.0;7;1.79;0.1;0.1;46.0
9.0;59.0;1018.0;17.0;8;1.79;0.0;0.0;40.0
10.0;55.0;1017.0;19.0;8;2.68;0.0;0.0;43.0
9.0;52.0;1016.0;19.0;8;3.57;0.0;0.0;33.0
9.0;52.0;1015.0;19.0;3;3.13;0.0;0.0;37.0
10.0;55.0;1015.0;19.0;3;7.15;0.0;0.0;45.0
10.0;59.0;1015.0;18.0;3;10.28;0.0;0.0;49.0
11.0;72.0;1016.0;16.0;3;13.41;0.0;0.0;59.0
11.0;76.0;1017.0;15.0;3;15.2;0.0;0.0;67.0
11.0;82.0;1017.0;14.0;3;18.33;0.0;0.0;74.0
10.0;81.0;1018.0;13.0;3;21.46;0.0;0.0;80.0
9.0;93.0;1018.0;10.0;8;0.89;0.0;0.0;84.0
10.0;100.0;1019.0;10.0;3;0.89;0.0;0.0;84.0
9.0;100.0;1019.0;9.0;8;0.89;0.0;0.0;86.0
9.0;100.0;1019.0;9.0;1;0.89;0.0;0.0;82.0
9.0;100.0;1019.0;9.0;7;0.89;0.0;0.0;94.0
7.0;93.0;1019.0;8.0;7;1.78;0.0;0.0;98.0
7.0;93.0;1019.0;8.0;7;3.57;0.0;0.0;63.0
7.0;100.0;1020.0;7.0;7;5.36;0.0;0.0;61.0
8.0;100.0;1021.0;8.0;7;6.25;0.0;0.0;61.0
8.0;93.0;1023.0;9.0;8;0.89;0.0;0.0;65.0
10.0;100.0;1024.0;10.0;8;1.78;0.0;0.0;74.0
12.0;87.0;1025.0;14.0;8;2.67;0.0;0.0;75.0
10.0;63.0;1026.0;17.0;8;3.56;0.0;0.0;39.0
10.0;59.0;1027.0;18.0;3;3.13;0.0;0.0;25.0
4.0;34.0;1026.0;20.0;3;6.26;0.0;0.0;29.0
4.0;34.0;1026.0;20.0;3;10.28;0.0;0.0;34.0
3.0;32.0;1026.0;20.0;3;14.3;0.0;0.0;48.0
5.0;42.0;1026.0;18.0;3;18.32;0.0;0.0;52.0
5.0;42.0;1026.0;18.0;3;22.34;0.0;0.0;45.0
5.0;45.0;1026.0;17.0;3;25.47;0.0;0.0;38.0
5.0;47.0;1027.0;16.0;3;28.6;0.0;0.0;27.0
7.0;71.0;1027.0;12.0;3;30.39;0.0;0.0;18.0
5.0;51.0;1028.0;15.0;3;33.52;0.0;0.0;25.0
6.0;66.0;1029.0;12.0;3;36.65;0.0;0.0;25.0
6.0;66.0;1029.0;12.0;3;39.78;0.0;0.0;29.0
6.0;66.0;1030.0;12.0;3;42.91;0.0;0.0;33.0
6.0;71.0;1029.0;11.0;3;44.7;0.0;0.0;34.0
6.0;87.0;1030.0;8.0;8;0.45;0.0;0.0;29.0
6.0;93.0;1030.0;7.0;1;1.79;0.0;0.0;27.0
6.0;87.0;1030.0;8.0;8;0.89;0.0;0.0;28.0
6.0;93.0;1030.0;7.0;1;0.89;0.0;0.0;21.0
7.0;93.0;1030.0;8.0;1;1.78;0.0;0.0;21.0
7.0;87.0;1030.0;9.0;3;1.79;0.0;0.0;17.0
3.0;66.0;1030.0;9.0;3;3.58;0.0;0.0;26.0
6.0;81.0;1030.0;9.0;8;0.89;0.0;0.0;21.0
5.0;71.0;1030.0;10.0;8;1.78;0.0;0.0;28.0
1.0;50.0;1030.0;11.0;8;2.67;0.0;0.0;29.0
0.0;43.0;1029.0;12.0;3;1.79;0.0;0.0;28.0
-3.0;32.0;1028.0;13.0;3;3.58;0.0;0.0;31.0
-1.0;37.0;1027.0;13.0;3;6.71;0.0;0.0;31.0
-2.0;35.0;1026.0;13.0;3;8.5;0.0;0.0;28.0
-3.0;32.0;1025.0;13.0;3;11.63;0.0;0.0;29.0
-2.0;35.0;1025.0;13.0;3;14.76;0.0;0.0;33.0
-1.0;40.0;1024.0;12.0;3;16.55;0.0;0.0;33.0
0.0;43.0;1025.0;12.0;3;18.34;0.0;0.0;38.0
1.0;50.0;1025.0;11.0;3;19.23;0.0;0.0;36.0
4.0;66.0;1025.0;10.0;8;0.89;1.0;1.0;47.0
6.0;81.0;1025.0;9.0;3;1.79;1.3;2.3;37.0
7.0;81.0;1025.0;10.0;3;5.81;0.7;3.0;41.0
8.0;87.0;1024.0;10.0;3;8.94;0.6;3.6;34.0
8.0;93.0;1024.0;9.0;3;10.73;0.4;4.0;34.0
8.0;93.0;1022.0;9.0;3;12.52;0.3;4.3;28.0
8.0;93.0;1021.0;9.0;3;14.31;0.0;0.0;21.0
8.0;93.0;1020.0;9.0;3;17.44;0.0;0.0;21.0
7.0;93.0;1020.0;8.0;3;19.23;0.1;0.1;17.0
7.0;93.0;1019.0;8.0;3;20.12;0.0;0.0;21.0
7.0;93.0;1019.0;8.0;3;21.91;0.0;0.0;27.0
7.0;93.0;1019.0;8.0;3;23.7;0.0;0.0;30.0
7.0;87.0;1019.0;9.0;3;25.49;0.1;0.1;37.0
8.0;93.0;1019.0;9.0;8;0.89;0.0;0.0;50.0
8.0;87.0;1019.0;10.0;8;2.68;0.0;0.0;62.0
8.0;87.0;1018.0;10.0;8;4.47;0.0;0.0;62.0
8.0;87.0;1017.0;10.0;8;6.26;0.0;0.0;68.0
8.0;81.0;1017.0;11.0;3;3.13;0.0;0.0;74.0
8.0;81.0;1015.0;11.0;3;6.26;0.0;0.0;71.0
6.0;58.0;1014.0;14.0;3;9.39;0.0;0.0;35.0
-3.0;26.0;1014.0;16.0;7;7.15;0.0;0.0;11.0
-6.0;22.0;1015.0;15.0;7;16.98;0.0;0.0;12.0
-5.0;24.0;1016.0;15.0;7;22.79;0.0;0.0;15.0
-4.0;30.0;1017.0;13.0;7;26.81;0.0;0.0;8.0
-5.0;28.0;1018.0;13.0;7;31.73;0.0;0.0;8.0
-6.0;26.0;1018.0;13.0;7;37.54;0.0;0.0;7.0
-4.0;37.0;1018.0;10.0;7;41.56;0.0;0.0;8.0
-5.0;34.0;1019.0;10.0;7;44.69;0.0;0.0;7.0
-1.0;60.0;1018.0;6.0;8;0.45;0.0;0.0;3.0
1.0;86.0;1018.0;3.0;8;1.34;0.0;0.0;6.0
0.0;86.0;1018.0;2.0;8;2.23;0.0;0.0;8.0
0.0;80.0;1018.0;3.0;8;3.12;0.0;0.0;6.0
0.0;80.0;1017.0;3.0;7;1.79;0.0;0.0;8.0
-5.0;39.0;1017.0;8.0;7;4.92;0.0;0.0;9.0
-5.0;39.0;1017.0;8.0;7;6.71;0.0;0.0;12.0
0.0;75.0;1017.0;4.0;8;0.89;0.0;0.0;17.0
-5.0;32.0;1017.0;11.0;8;2.68;0.0;0.0;14.0
-4.0;32.0;1017.0;12.0;7;3.13;0.0;0.0;12.0
-3.0;32.0;1017.0;13.0;8;0.89;0.0;0.0;17.0
-6.0;24.0;1016.0;14.0;3;1.79;0.0;0.0;14.0
-5.0;24.0;1015.0;15.0;3;5.81;0.0;0.0;11.0
-5.0;23.0;1014.0;16.0;7;4.92;0.0;0.0;15.0
-6.0;20.0;1014.0;17.0;7;14.75;0.0;0.0;6.0
-7.0;18.0;1014.0;17.0;7;23.69;0.0;0.0;12.0
-5.0;21.0;1014.0;17.0;7;29.5;0.0;0.0;18.0
-5.0;23.0;1014.0;16.0;7;35.31;0.0;0.0;20.0
-5.0;24.0;1015.0;15.0;7;38.44;0.0;0.0;27.0
0.0;49.0;1016.0;10.0;8;0.89;0.0;0.0;31.0
2.0;70.0;1017.0;7.0;8;1.78;0.0;0.0;35.0
2.0;80.0;1018.0;5.0;8;2.67;0.0;0.0;20.0
0.0;60.0;1019.0;7.0;8;3.56;0.0;0.0;22.0
-2.0;52.0;1020.0;7.0;7;4.92;0.0;0.0;10.0
-4.0;45.0;1020.0;7.0;8;0.89;0.0;0.0;11.0
-3.0;52.0;1021.0;6.0;7;4.92;0.0;0.0;6.0
-5.0;42.0;1021.0;7.0;7;8.94;0.0;0.0;4.0
-6.0;39.0;1022.0;7.0;1;1.79;0.0;0.0;6.0
-4.0;52.0;1022.0;5.0;7;4.02;0.0;0.0;6.0
-4.0;59.0;1023.0;3.0;7;8.04;0.0;0.0;4.0
-3.0;69.0;1023.0;2.0;7;9.83;0.0;0.0;5.0
-1.0;86.0;1024.0;1.0;8;0.89;0.0;0.0;5.0
-2.0;49.0;1024.0;8.0;7;1.79;0.0;0.0;11.0
-5.0;32.0;1025.0;11.0;8;1.79;0.0;0.0;9.0
-6.0;27.0;1025.0;12.0;7;4.02;0.0;0.0;6.0
-7.0;22.0;1024.0;14.0;7;9.83;0.0;0.0;4.0
-7.0;22.0;1023.0;14.0;7;13.85;0.0;0.0;3.0
-7.0;22.0;1023.0;14.0;7;19.66;0.0;0.0;6.0
-8.0;19.0;1022.0;15.0;7;25.47;0.0;0.0;7.0
-8.0;19.0;1021.0;15.0;7;34.41;0.0;0.0;9.0
-8.0;19.0;1021.0;15.0;7;43.35;0.0;0.0;9.0
-8.0;20.0;1021.0;14.0;7;51.4;0.0;0.0;9.0
-8.0;22.0;1022.0;13.0;7;57.21;0.0;0.0;11.0
-7.0;25.0;1022.0;12.0;7;62.13;0.0;0.0;11.0
-6.0;34.0;1023.0;9.0;7;65.26;0.0;0.0;8.0
-5.0;42.0;1023.0;7.0;7;69.28;0.0;0.0;14.0
-6.0;39.0;1024.0;7.0;7;74.2;0.0;0.0;13.0
-7.0;38.0;1025.0;6.0;7;77.33;0.0;0.0;9.0
-8.0;33.0;1025.0;7.0;7;80.46;0.0;0.0;10.0
-8.0;33.0;1026.0;7.0;7;84.48;0.0;0.0;8.0
-8.0;41.0;1026.0;4.0;7;88.5;0.0;0.0;4.0
-7.0;47.0;1026.0;3.0;7;93.42;0.0;0.0;7.0
-9.0;40.0;1026.0;3.0;7;95.21;0.0;0.0;6.0
-8.0;41.0;1026.0;4.0;7;96.1;0.0;0.0;12.0
-8.0;47.0;1027.0;2.0;7;97.89;0.0;0.0;11.0
-8.0;47.0;1027.0;2.0;7;99.68;0.0;0.0;10.0
-10.0;26.0;1028.0;8.0;7;105.49;0.0;0.0;9.0
-10.0;26.0;1028.0;8.0;7;111.3;0.0;0.0;9.0
-10.0;23.0;1028.0;10.0;7;117.11;0.0;0.0;9.0
-11.0;20.0;1028.0;11.0;7;122.92;0.0;0.0;8.0
-11.0;18.0;1027.0;12.0;7;128.73;0.0;0.0;9.0
-11.0;17.0;1026.0;13.0;7;136.78;0.0;0.0;10.0
-11.0;17.0;1025.0;13.0;7;145.72;0.0;0.0;6.0
-11.0;17.0;1025.0;13.0;7;155.55;0.0;0.0;4.0
-10.0;19.0;1025.0;13.0;7;164.49;0.0;0.0;5.0
-9.0;23.0;1026.0;11.0;7;170.3;0.0;0.0;10.0
-9.0;26.0;1027.0;9.0;7;175.22;0.0;0.0;16.0
-10.0;23.0;1028.0;10.0;7;182.37;0.0;0.0;9.0
-9.0;33.0;1029.0;6.0;7;185.5;0.0;0.0;10.0
-10.0;26.0;1029.0;8.0;7;192.65;0.0;0.0;12.0
-9.0;33.0;1030.0;6.0;7;195.78;0.0;0.0;10.0
-10.0;32.0;1031.0;5.0;7;196.67;0.0;0.0;16.0
-9.0;33.0;1031.0;6.0;7;201.59;0.0;0.0;7.0
-7.0;44.0;1031.0;4.0;8;0.89;0.0;0.0;7.0
-8.0;41.0;1031.0;4.0;7;1.79;0.0;0.0;16.0
-4.0;69.0;1031.0;1.0;8;0.89;0.0;0.0;13.0
-3.0;80.0;1031.0;0.0;8;1.34;0.0;0.0;15.0
-3.0;86.0;1031.0;-1.0;7;0.89;0.0;0.0;19.0
-3.0;86.0;1031.0;-1.0;8;0.89;0.0;0.0;20.0
-3.0;86.0;1031.0;-1.0;3;1.79;0.0;0.0;22.0
0.0;75.0;1032.0;4.0;1;0.89;0.0;0.0;20.0
-5.0;39.0;1032.0;8.0;1;2.68;0.0;0.0;12.0
-5.0;32.0;1032.0;11.0;8;0.89;0.0;0.0;10.0
-7.0;27.0;1031.0;11.0;3;1.79;0.0;0.0;9.0
-6.0;26.0;1031.0;13.0;8;3.13;0.0;0.0;17.0
-6.0;24.0;1030.0;14.0;7;3.13;0.0;0.0;18.0
-5.0;26.0;1029.0;14.0;3;4.92;0.0;0.0;16.0
-6.0;24.0;1029.0;14.0;3;8.94;0.0;0.0;19.0
-6.0;24.0;1029.0;14.0;3;12.96;0.0;0.0;26.0
-5.0;30.0;1029.0;12.0;3;14.75;0.0;0.0;29.0
-3.0;42.0;1030.0;9.0;3;16.54;0.0;0.0;33.0
-2.0;45.0;1030.0;9.0;3;18.33;0.0;0.0;42.0
-1.0;65.0;1031.0;5.0;3;19.22;0.0;0.0;46.0
0.0;80.0;1031.0;3.0;8;0.89;0.0;0.0;52.0
0.0;75.0;1032.0;4.0;8;1.34;0.0;0.0;58.0
0.0;80.0;1032.0;3.0;8;2.23;0.0;0.0;90.0
-1.0;80.0;1032.0;2.0;1;1.79;0.0;0.0;77.0
-2.0;74.0;1033.0;2.0;8;0.89;0.0;0.0;81.0
-1.0;80.0;1033.0;2.0;8;1.78;0.0;0.0;77.0
-1.0;86.0;1033.0;1.0;7;1.79;0.0;0.0;58.0
-3.0;69.0;1033.0;2.0;7;3.58;0.0;0.0;36.0
-3.0;74.0;1032.0;1.0;7;5.37;0.0;0.0;39.0
-3.0;74.0;1032.0;1.0;7;7.16;0.0;0.0;29.0
-3.0;80.0;1033.0;0.0;7;8.95;0.0;0.0;21.0
0.0;70.0;1033.0;5.0;7;10.74;0.0;0.0;22.0
-2.0;42.0;1034.0;10.0;8;0.89;0.0;0.0;16.0
-4.0;32.0;1033.0;12.0;1;3.13;0.0;0.0;20.0
-6.0;26.0;1033.0;13.0;8;1.79;0.0;0.0;12.0
-6.0;24.0;1031.0;14.0;8;2.68;0.0;0.0;18.0
-5.0;23.0;1030.0;16.0;8;3.57;0.0;0.0;22.0
-6.0;20.0;1029.0;17.0;8;4.46;0.0;0.0;31.0
-5.0;23.0;1029.0;16.0;3;3.13;0.0;0.0;25.0
-4.0;25.0;1029.0;16.0;3;7.15;0.0;0.0;21.0
-5.0;24.0;1029.0;15.0;3;10.28;0.0;0.0;32.0
0.0;56.0;1029.0;8.0;3;12.07;0.0;0.0;43.0
1.0;70.0;1029.0;6.0;8;0.89;0.0;0.0;57.0
1.0;75.0;1029.0;5.0;8;1.78;0.0;0.0;69.0
2.0;86.0;1028.0;4.0;3;0.89;0.0;0.0;84.0
1.0;86.0;1028.0;3.0;8;0.89;0.0;0.0;98.0
1.0;86.0;1028.0;3.0;1;0.89;0.0;0.0;104.0
1.0;80.0;1027.0;4.0;8;0.89;0.0;0.0;87.0
0.0;93.0;1027.0;1.0;7;1.79;0.0;0.0;111.0
-1.0;86.0;1027.0;1.0;7;2.68;0.0;0.0;122.0
0.0;93.0;1026.0;1.0;8;0.45;0.0;0.0;105.0
-1.0;92.0;1026.0;0.0;8;0.9;0.0;0.0;80.0
-1.0;100.0;1025.0;-1.0;7;1.79;0.0;0.0;52.0
-1.0;92.0;1025.0;0.0;7;4.92;0.0;0.0;37.0
-1.0;86.0;1025.0;1.0;7;8.05;0.0;0.0;42.0
1.0;80.0;1026.0;4.0;7;11.18;0.0;0.0;35.0
0.0;53.0;1026.0;9.0;7;14.31;0.0;0.0;44.0
-1.0;40.0;1025.0;12.0;7;17.44;0.0;0.0;40.0
-3.0;32.0;1024.0;13.0;8;0.89;0.0;0.0;34.0
-3.0;26.0;1023.0;16.0;7;1.79;0.0;0.0;35.0
-3.0;25.0;1022.0;17.0;7;3.58;0.0;0.0;37.0
-6.0;17.0;1021.0;19.0;8;0.89;0.0;0.0;49.0
-3.0;23.0;1021.0;18.0;3;4.92;0.0;0.0;51.0
-3.0;25.0;1020.0;17.0;3;9.84;0.0;0.0;62.0
-1.0;31.0;1020.0;16.0;8;3.13;0.0;0.0;78.0
-1.0;33.0;1021.0;15.0;3;3.13;0.0;0.0;88.0
0.0;38.0;1021.0;14.0;3;7.15;0.0;0.0;100.0
2.0;57.0;1021.0;10.0;1;3.13;0.0;0.0;120.0
2.0;75.0;1021.0;6.0;8;0.89;0.0;0.0;125.0
2.0;75.0;1021.0;6.0;8;1.78;0.0;0.0;135.0
2.0;86.0;1021.0;4.0;7;1.79;0.0;0.0;143.0
1.0;86.0;1021.0;3.0;8;0.89;0.0;0.0;141.0
1.0;86.0;1021.0;3.0;8;1.34;0.0;0.0;138.0
1.0;93.0;1021.0;2.0;7;1.79;0.0;0.0;114.0
1.0;80.0;1021.0;4.0;8;0.89;0.0;0.0;94.0
0.0;86.0;1021.0;2.0;7;3.13;0.0;0.0;90.0
-1.0;74.0;1021.0;3.0;7;6.26;0.0;0.0;78.0
-2.0;74.0;1021.0;2.0;7;9.39;0.0;0.0;86.0
-1.0;86.0;1022.0;1.0;8;0.89;0.0;0.0;66.0
1.0;70.0;1022.0;6.0;7;3.13;0.0;0.0;57.0
-1.0;43.0;1022.0;11.0;7;4.92;0.0;0.0;53.0
-1.0;35.0;1022.0;14.0;1;1.79;0.0;0.0;48.0
-2.0;27.0;1022.0;17.0;7;3.13;0.0;0.0;51.0
-2.0;25.0;1021.0;18.0;8;1.79;0.0;0.0;36.0
-2.0;22.0;1020.0;20.0;3;1.79;0.0;0.0;39.0
-3.0;20.0;1020.0;20.0;8;3.13;0.0;0.0;47.0
-4.0;19.0;1020.0;20.0;3;4.92;0.0;0.0;57.0
-2.0;24.0;1020.0;19.0;3;8.94;0.0;0.0;46.0
-2.0;27.0;1020.0;17.0;3;12.07;0.0;0.0;57.0
-1.0;33.0;1020.0;15.0;3;15.2;0.0;0.0;78.0
3.0;66.0;1021.0;9.0;3;16.99;0.0;0.0;106.0
3.0;75.0;1021.0;7.0;3;17.88;0.0;0.0;169.0
3.0;81.0;1021.0;6.0;8;0.89;0.0;0.0;186.0
3.0;81.0;1022.0;6.0;3;0.89;0.0;0.0;176.0
2.0;80.0;1022.0;5.0;3;1.78;0.0;0.0;166.0
3.0;81.0;1022.0;6.0;8;0.89;0.0;0.0;155.0
1.0;86.0;1022.0;3.0;8;1.78;0.0;0.0;175.0
2.0;86.0;1022.0;4.0;1;0.89;0.0;0.0;181.0
1.0;93.0;1022.0;2.0;1;1.78;0.0;0.0;188.0
1.0;93.0;1022.0;2.0;8;0.89;0.0;0.0;183.0
0.0;93.0;1023.0;1.0;7;0.89;0.0;0.0;170.0
1.0;93.0;1023.0;2.0;1;0.89;0.0;0.0;179.0
1.0;100.0;1023.0;1.0;1;1.78;0.0;0.0;173.0
4.0;100.0;1024.0;4.0;3;0.89;0.0;0.0;182.0
5.0;81.0;1024.0;8.0;3;1.78;0.0;0.0;217.0
5.0;66.0;1024.0;11.0;3;3.57;0.0;0.0;230.0
5.0;58.0;1024.0;13.0;3;5.36;0.0;0.0;193.0
5.0;51.0;1023.0;15.0;3;8.49;0.0;0.0;170.0
5.0;45.0;1022.0;17.0;3;11.62;0.0;0.0;125.0
4.0;39.0;1022.0;18.0;3;15.64;0.0;0.0;108.0
5.0;42.0;1021.0;18.0;3;20.56;0.0;0.0;101.0
5.0;42.0;1021.0;18.0;3;24.58;0.0;0.0;91.0
6.0;58.0;1021.0;14.0;8;0.89;0.0;0.0;104.0
7.0;76.0;1022.0;11.0;8;1.78;0.0;0.0;143.0
6.0;76.0;1022.0;10.0;8;2.67;0.0;0.0;165.0
7.0;93.0;1022.0;8.0;8;3.56;0.0;0.0;173.0
5.0;81.0;1022.0;8.0;3;0.89;0.0;0.0;186.0
5.0;87.0;1023.0;7.0;8;0.89;0.0;0.0;189.0
6.0;93.0;1022.0;7.0;8;1.78;0.0;0.0;186.0
5.0;87.0;1022.0;7.0;3;1.79;0.0;0.0;185.0
4.0;93.0;1022.0;5.0;1;1.79;0.0;0.0;153.0
3.0;93.0;1022.0;4.0;8;0.89;0.0;0.0;184.0
3.0;93.0;1022.0;4.0;1;0.89;0.0;0.0;176.0
3.0;93.0;1022.0;4.0;3;1.79;0.0;0.0;169.0
3.0;93.0;1022.0;4.0;1;0.89;0.0;0.0;195.0
3.0;93.0;1023.0;4.0;1;1.78;0.0;0.0;201.0
4.0;100.0;1023.0;4.0;1;2.67;0.0;0.0;196.0
4.0;93.0;1024.0;5.0;1;3.56;0.0;0.0;207.0
7.0;87.0;1024.0;9.0;8;0.89;0.0;0.0;202.0
6.0;71.0;1024.0;11.0;8;1.78;0.0;0.0;209.0
6.0;66.0;1024.0;12.0;3;1.79;0.0;0.0;212.0
6.0;58.0;1023.0;14.0;8;0.89;0.0;0.0;231.0
5.0;51.0;1022.0;15.0;3;1.79;0.0;0.0;206.0
5.0;51.0;1022.0;15.0;8;0.89;0.0;0.0;208.0
6.0;51.0;1022.0;16.0;8;1.78;0.0;0.0;217.0
7.0;62.0;1022.0;14.0;3;0.89;0.0;0.0;219.0
7.0;71.0;1022.0;12.0;1;0.89;0.0;0.0;237.0
8.0;81.0;1023.0;11.0;8;0.89;0.0;0.0;239.0
6.0;62.0;1024.0;13.0;7;3.13;0.0;0.0;235.0
7.0;66.0;1024.0;13.0;7;4.92;0.0;0.0;230.0
6.0;66.0;1024.0;12.0;8;0.89;0.0;0.0;230.0
6.0;62.0;1025.0;13.0;7;3.13;0.0;0.0;223.0
7.0;71.0;1025.0;12.0;7;4.92;0.0;0.0;218.0
7.0;76.0;1025.0;11.0;8;0.89;0.0;0.0;212.0
8.0;81.0;1025.0;11.0;8;1.78;0.0;0.0;219.0
7.0;76.0;1025.0;11.0;7;1.79;0.0;0.0;212.0
8.0;87.0;1025.0;10.0;7;3.58;0.0;0.0;210.0
8.0;87.0;1025.0;10.0;8;0.89;0.0;0.0;232.0
8.0;87.0;1025.0;10.0;8;1.78;0.0;0.0;221.0
8.0;87.0;1026.0;10.0;8;2.67;0.0;0.0;212.0
9.0;93.0;1027.0;10.0;8;3.56;0.0;0.0;203.0
9.0;87.0;1028.0;11.0;8;4.45;0.0;0.0;175.0
8.0;81.0;1029.0;11.0;1;4.02;0.0;0.0;117.0
8.0;87.0;1030.0;10.0;1;8.04;0.0;0.0;90.0
6.0;76.0;1030.0;10.0;1;12.06;0.0;0.0;62.0
5.0;75.0;1030.0;9.0;1;16.08;0.0;0.0;49.0
5.0;75.0;1030.0;9.0;1;20.1;0.0;0.0;33.0
4.0;75.0;1030.0;8.0;1;24.12;0.0;0.0;28.0
3.0;75.0;1031.0;7.0;1;28.14;0.0;0.0;24.0
2.0;75.0;1031.0;6.0;1;33.06;0.0;0.0;26.0
1.0;70.0;1032.0;6.0;1;38.87;0.0;0.0;23.0
1.0;75.0;1032.0;5.0;1;44.68;0.0;0.0;20.0
0.0;75.0;1032.0;4.0;1;51.83;0.0;0.0;24.0
0.0;75.0;1033.0;4.0;1;57.64;0.0;0.0;24.0
0.0;75.0;1033.0;4.0;1;62.56;0.0;0.0;18.0
0.0;75.0;1033.0;4.0;1;66.58;0.0;0.0;16.0
0.0;80.0;1032.0;3.0;1;73.73;0.0;0.0;17.0
-1.0;69.0;1032.0;4.0;1;78.65;0.0;0.0;17.0
-1.0;69.0;1031.0;4.0;1;83.57;0.0;0.0;20.0
-2.0;64.0;1031.0;4.0;1;88.49;0.0;0.0;17.0
-2.0;64.0;1031.0;4.0;1;93.41;0.0;0.0;18.0
-2.0;64.0;1030.0;4.0;1;99.22;0.0;0.0;21.0
0.0;86.0;1031.0;2.0;1;105.03;0.0;0.0;14.0
0.0;93.0;1032.0;1.0;1;110.84;1.8;1.8;18.0
0.0;93.0;1032.0;1.0;1;116.65;1.8;3.6;13.0
0.0;93.0;1032.0;1.0;1;122.46;1.3;4.9;12.0
0.0;93.0;1032.0;1.0;1;127.38;1.9;6.8;16.0
0.0;93.0;1032.0;1.0;1;131.4;1.0;7.8;12.0
1.0;100.0;1032.0;1.0;7;4.92;0.0;0.0;17.0
1.0;100.0;1031.0;1.0;7;9.84;0.0;0.0;21.0
1.0;100.0;1030.0;1.0;7;14.76;0.0;0.0;26.0
1.0;100.0;1030.0;1.0;7;18.78;0.0;0.0;23.0
1.0;100.0;1029.0;1.0;1;4.02;0.0;0.0;25.0
1.0;93.0;1029.0;2.0;1;9.83;0.0;0.0;12.0
0.0;88.0;1014.0;2.0;1;15.64;0.0;0.0;12.0
0.0;88.0;1014.0;2.0;1;20.56;0.0;0.0;15.0
1.0;88.0;1014.0;2.0;1;24.58;0.0;0.0;19.0
0.0;88.0;1014.0;2.0;1;29.5;0.0;0.0;19.0
0.0;88.0;1014.0;2.0;1;35.31;0.0;0.0;17.0
0.0;88.0;1014.0;2.0;1;41.12;0.0;0.0;16.0
0.0;88.0;1014.0;2.0;1;46.04;0.0;0.0;14.0
-1.0;88.0;1014.0;2.0;1;51.85;0.0;0.0;8.0
-1.0;88.0;1014.0;2.0;1;57.66;1.0;1.0;12.0
0.0;93.0;1029.0;1.0;7;4.92;0.6;1.6;14.0
0.0;93.0;1029.0;1.0;1;4.02;0.6;2.2;12.0
0.0;93.0;1028.0;1.0;1;9.83;0.1;2.3;8.0
0.0;100.0;1028.0;0.0;7;5.81;0.0;0.0;9.0
0.0;100.0;1028.0;0.0;1;5.81;0.0;0.0;7.0
-1.0;86.0;1028.0;1.0;1;11.62;0.0;0.0;9.0
-1.0;86.0;1029.0;1.0;7;4.02;0.0;0.0;14.0
0.0;86.0;1029.0;2.0;1;4.02;0.0;0.0;17.0
0.0;88.0;1014.0;3.0;7;5.81;0.0;0.0;15.0
0.0;88.0;1014.0;3.0;7;11.62;0.0;0.0;16.0
-1.0;88.0;1014.0;4.0;7;16.54;0.0;0.0;18.0
-1.0;88.0;1014.0;4.0;1;4.92;999990.0;999990.0;16.0
-1.0;88.0;1014.0;4.0;1;9.84;0.0;0.0;13.0
-1.0;88.0;1014.0;4.0;1;15.65;0.0;0.0;13.0
-2.0;88.0;1014.0;4.0;1;22.8;0.0;0.0;15.0
-1.0;88.0;1014.0;4.0;1;25.93;0.0;0.0;18.0
-2.0;88.0;1014.0;4.0;1;29.95;0.0;0.0;23.0
-2.0;88.0;1014.0;4.0;1;34.87;0.0;0.0;23.0
-2.0;88.0;1014.0;4.0;1;39.79;0.0;0.0;24.0
-1.0;88.0;1014.0;4.0;1;43.81;0.0;0.0;22.0
-1.0;88.0;1014.0;4.0;1;46.94;0.0;0.0;22.0
-1.0;88.0;1014.0;4.0;1;48.73;0.0;0.0;20.0
-1.0;88.0;1014.0;4.0;1;51.86;0.0;0.0;26.0
-1.0;88.0;1014.0;4.0;7;3.13;0.0;0.0;27.0
-1.0;88.0;1014.0;3.0;7;6.26;0.0;0.0;28.0
-1.0;88.0;1014.0;3.0;7;9.39;0.0;0.0;33.0
-1.0;88.0;1014.0;3.0;1;3.13;0.0;0.0;30.0
0.0;88.0;1014.0;3.0;1;6.26;0.0;0.0;37.0
0.0;88.0;1014.0;3.0;7;3.13;0.0;0.0;39.0
-1.0;88.0;1014.0;3.0;7;6.26;0.0;0.0;40.0
0.0;88.0;1014.0;3.0;1;3.13;0.0;0.0;47.0
0.0;88.0;1014.0;3.0;7;3.13;0.0;0.0;48.0
0.0;88.0;1014.0;4.0;7;7.15;0.0;0.0;46.0
0.0;88.0;1014.0;5.0;1;3.13;0.0;0.0;48.0
0.0;88.0;1014.0;6.0;7;1.79;0.0;0.0;48.0
1.0;88.0;1014.0;7.0;8;3.13;0.0;0.0;47.0
1.0;88.0;1014.0;8.0;8;4.92;0.0;0.0;55.0
1.0;88.0;1014.0;8.0;7;1.79;0.0;0.0;59.0
1.0;88.0;1014.0;7.0;8;1.79;0.0;0.0;67.0
1.0;88.0;1014.0;7.0;8;2.68;0.0;0.0;79.0
2.0;88.0;1014.0;4.0;3;0.89;0.0;0.0;97.0
2.0;88.0;1014.0;4.0;3;4.02;0.0;0.0;82.0
2.0;88.0;1014.0;3.0;3;7.15;0.0;0.0;87.0
1.0;88.0;1014.0;2.0;8;0.89;0.0;0.0;73.0
2.0;88.0;1014.0;2.0;3;1.79;0.0;0.0;80.0
1.0;88.0;1014.0;1.0;3;2.68;0.0;0.0;83.0
0.0;88.0;1014.0;1.0;3;3.57;0.0;0.0;84.0
1.0;88.0;1014.0;1.0;8;0.89;0.0;0.0;137.0
2.0;88.0;1014.0;2.0;8;1.78;0.0;0.0;194.0
2.0;88.0;1014.0;3.0;8;2.67;0.0;0.0;174.0
3.0;88.0;1014.0;3.0;1;0.89;0.0;0.0;153.0
3.0;88.0;1014.0;3.0;8;0.89;0.0;0.0;155.0
3.0;88.0;1014.0;3.0;8;1.78;0.0;0.0;164.0
3.0;88.0;1014.0;3.0;8;2.67;0.0;0.0;143.0
3.0;88.0;1014.0;4.0;3;0.89;0.0;0.0;153.0
3.0;88.0;1014.0;4.0;8;0.89;0.0;0.0;148.0
3.0;88.0;1014.0;4.0;1;1.79;0.0;0.0;145.0
3.0;88.0;1014.0;5.0;1;3.58;0.0;0.0;154.0
3.0;88.0;1014.0;5.0;1;5.37;0.0;0.0;112.0
3.0;88.0;1014.0;6.0;1;7.16;0.0;0.0;117.0
3.0;88.0;1014.0;6.0;8;0.89;0.0;0.0;122.0
3.0;88.0;1014.0;6.0;8;1.78;0.0;0.0;139.0
18.0;88.0;1014.0;24.0;3;0.89;0.0;0.0;153.0
3.0;88.0;1014.0;6.0;1;1.79;0.0;0.0;151.0
3.0;88.0;1014.0;6.0;1;3.58;0.0;0.0;150.0
3.0;88.0;1014.0;6.0;1;4.47;0.0;0.0;155.0
4.0;88.0;1014.0;6.0;8;0.89;0.0;0.0;150.0
4.0;88.0;1014.0;6.0;8;1.78;0.0;0.0;143.0
4.0;88.0;1014.0;6.0;1;0.89;0.0;0.0;133.0
4.0;88.0;1014.0;6.0;1;1.78;0.0;0.0;132.0
4.0;88.0;1014.0;6.0;1;2.67;0.0;0.0;123.0
4.0;88.0;1014.0;6.0;1;3.56;0.0;0.0;110.0
4.0;88.0;1014.0;6.0;8;0.89;0.0;0.0;118.0
3.0;88.0;1014.0;5.0;1;1.79;0.0;0.0;125.0
4.0;88.0;1014.0;5.0;1;2.68;0.0;0.0;131.0
4.0;88.0;1014.0;5.0;1;3.57;0.0;0.0;141.0
4.0;88.0;1014.0;5.0;1;5.36;0.0;0.0;150.0
4.0;88.0;1014.0;5.0;3;1.79;0.0;0.0;146.0
4.0;88.0;1014.0;5.0;8;0.89;0.0;0.0;138.0
4.0;88.0;1014.0;5.0;3;1.79;0.0;0.0;127.0
4.0;88.0;1014.0;6.0;3;3.58;0.0;0.0;138.0
4.0;88.0;1014.0;6.0;3;5.37;0.0;0.0;146.0
4.0;88.0;1014.0;6.0;3;7.16;0.0;0.0;148.0
4.0;88.0;1014.0;6.0;3;10.29;0.0;0.0;143.0
4.0;88.0;1014.0;6.0;3;12.08;0.0;0.0;127.0
5.0;88.0;1014.0;6.0;8;0.89;0.0;0.0;121.0
4.0;88.0;1014.0;6.0;3;1.79;0.0;0.0;121.0
5.0;88.0;1014.0;6.0;3;3.58;0.0;0.0;121.0
5.0;88.0;1014.0;6.0;3;5.37;0.0;0.0;127.0
5.0;88.0;1014.0;6.0;8;0.89;0.0;0.0;141.0
5.0;88.0;1014.0;6.0;3;1.79;0.0;0.0;147.0
5.0;88.0;1014.0;6.0;3;3.58;0.0;0.0;160.0
5.0;88.0;1014.0;6.0;3;5.37;0.0;0.0;161.0
5.0;88.0;1014.0;6.0;3;6.26;0.0;0.0;157.0
5.0;88.0;1014.0;5.0;8;0.89;0.0;0.0;161.0
5.0;88.0;1014.0;5.0;1;0.89;0.0;0.0;165.0
5.0;88.0;1014.0;5.0;8;0.89;0.0;0.0;164.0
5.0;88.0;1014.0;5.0;8;1.78;0.0;0.0;160.0
5.0;88.0;1014.0;5.0;8;2.23;0.0;0.0;151.0
5.0;88.0;1014.0;5.0;8;2.68;0.0;0.0;139.0
5.0;88.0;1014.0;5.0;1;0.89;0.0;0.0;119.0
5.0;88.0;1014.0;5.0;1;1.78;0.0;0.0;115.0
5.0;88.0;1014.0;6.0;1;2.67;0.0;0.0;98.0
6.0;88.0;1014.0;6.0;1;4.46;0.0;0.0;80.0
6.0;88.0;1014.0;7.0;7;1.79;0.0;0.0;85.0
5.0;88.0;1014.0;7.0;1;1.79;0.0;0.0;84.0
3.0;88.0;1014.0;7.0;1;4.92;0.0;0.0;98.0
3.0;88.0;1014.0;7.0;8;0.89;0.0;0.0;98.0
3.0;88.0;1014.0;7.0;8;1.78;0.0;0.0;84.0
3.0;88.0;1014.0;7.0;8;2.67;0.0;0.0;84.0
3.0;88.0;1014.0;7.0;8;3.56;0.0;0.0;105.0
3.0;88.0;1014.0;7.0;8;4.45;0.0;0.0;109.0
3.0;88.0;1014.0;7.0;8;5.34;0.0;0.0;113.0
4.0;88.0;1014.0;6.0;8;6.23;0.0;0.0;118.0
4.0;88.0;1014.0;6.0;8;7.12;0.0;0.0;126.0
4.0;88.0;1014.0;6.0;1;0.89;0.0;0.0;116.0
4.0;88.0;1014.0;6.0;8;0.89;0.0;0.0;122.0
4.0;88.0;1014.0;6.0;1;0.89;0.0;0.0;131.0
5.0;88.0;1014.0;6.0;1;1.78;0.0;0.0;132.0
5.0;88.0;1014.0;6.0;1;2.67;0.0;0.0;120.0
4.0;88.0;1014.0;6.0;1;3.56;0.0;0.0;116.0
5.0;88.0;1014.0;6.0;7;0.89;0.0;0.0;119.0
5.0;88.0;1014.0;6.0;8;0.45;0.0;0.0;115.0
5.0;88.0;1014.0;6.0;1;0.89;0.0;0.0;130.0
5.0;88.0;1014.0;6.0;1;2.68;0.0;0.0;132.0
5.0;88.0;1014.0;6.0;3;0.89;0.0;0.0;131.0
5.0;88.0;1014.0;6.0;1;0.89;0.0;0.0;142.0
5.0;88.0;1014.0;6.0;8;0.89;0.0;0.0;132.0
5.0;88.0;1014.0;7.0;8;1.78;0.0;0.0;151.0
5.0;88.0;1014.0;7.0;3;1.79;0.0;0.0;181.0
6.0;88.0;1014.0;7.0;8;0.89;0.0;0.0;206.0
6.0;88.0;1014.0;7.0;8;1.78;0.0;0.0;196.0
6.0;88.0;1014.0;8.0;1;1.79;0.0;0.0;180.0
6.0;88.0;1014.0;8.0;1;3.58;0.0;0.0;198.0
6.0;88.0;1014.0;8.0;1;5.37;0.0;0.0;188.0
6.0;88.0;1014.0;8.0;8;0.89;0.0;0.0;173.0
6.0;88.0;1014.0;7.0;1;0.89;0.0;0.0;194.0
6.0;88.0;1014.0;7.0;8;0.89;0.0;0.0;192.0
6.0;88.0;1014.0;7.0;1;0.89;0.0;0.0;221.0
6.0;88.0;1014.0;7.0;8;0.89;0.0;0.0;217.0
6.0;88.0;1014.0;7.0;1;0.89;0.0;0.0;212.0
6.0;88.0;1014.0;7.0;3;0.89;0.0;0.0;196.0
6.0;88.0;1014.0;7.0;3;1.78;0.0;0.0;206.0
6.0;88.0;1014.0;7.0;8;0.89;0.0;0.0;184.0
6.0;88.0;1014.0;7.0;8;1.78;0.0;0.0;172.0
5.0;88.0;1014.0;7.0;3;1.79;0.0;0.0;157.0
5.0;88.0;1014.0;6.0;8;0.89;0.0;0.0;156.0
5.0;88.0;1014.0;6.0;8;1.78;0.0;0.0;153.0
5.0;88.0;1014.0;6.0;3;0.89;0.0;0.0;170.0
5.0;88.0;1014.0;6.0;3;1.78;0.0;0.0;182.0
5.0;88.0;1014.0;6.0;3;2.67;0.0;0.0;200.0
5.0;88.0;1014.0;7.0;8;0.89;0.0;0.0;207.0
5.0;88.0;1014.0;7.0;8;1.78;0.0;0.0;204.0
5.0;88.0;1014.0;7.0;1;1.79;0.0;0.0;224.0
5.0;88.0;1014.0;8.0;8;0.89;0.0;0.0;224.0
5.0;88.0;1014.0;8.0;8;1.78;0.0;0.0;225.0
5.0;88.0;1014.0;9.0;8;3.57;0.0;0.0;227.0
6.0;88.0;1014.0;9.0;1;1.79;0.0;0.0;219.0
6.0;88.0;1014.0;8.0;1;2.68;0.0;0.0;219.0
5.0;88.0;1014.0;8.0;1;3.57;0.0;0.0;232.0
6.0;88.0;1014.0;7.0;1;4.46;0.0;0.0;233.0
6.0;88.0;1014.0;7.0;1;5.35;0.0;0.0;229.0
6.0;88.0;1014.0;7.0;1;6.24;0.0;0.0;248.0
6.0;88.0;1014.0;7.0;8;0.89;0.0;0.0;227.0
6.0;88.0;1014.0;7.0;3;0.89;0.0;0.0;233.0
6.0;88.0;1014.0;7.0;8;0.89;0.0;0.0;229.0
6.0;88.0;1014.0;7.0;8;1.34;0.0;0.0;248.0
6.0;88.0;1014.0;7.0;3;0.89;0.0;0.0;257.0
6.0;88.0;1014.0;7.0;3;1.78;0.0;0.0;262.0
6.0;88.0;1014.0;7.0;8;0.89;0.0;0.0;244.0
6.0;88.0;1014.0;7.0;3;0.89;0.0;0.0;236.0
6.0;88.0;1014.0;7.0;3;1.78;0.0;0.0;244.0
6.0;88.0;1014.0;7.0;8;0.89;0.0;0.0;241.0
5.0;88.0;1014.0;6.0;3;0.89;0.0;0.0;228.0
4.0;88.0;1014.0;5.0;8;0.89;0.0;0.0;219.0
7.0;88.0;1014.0;7.0;8;1.78;0.0;0.0;230.0
7.0;88.0;1014.0;9.0;8;2.67;0.0;0.0;250.0
7.0;88.0;1014.0;10.0;8;3.56;0.0;0.0;232.0
6.0;88.0;1014.0;10.0;8;4.45;0.0;0.0;268.0
6.0;88.0;1014.0;11.0;8;6.24;0.0;0.0;322.0
7.0;88.0;1014.0;11.0;3;1.79;0.0;0.0;358.0
7.0;88.0;1014.0;11.0;3;5.81;0.0;0.0;294.0
7.0;88.0;1014.0;10.0;3;8.94;0.0;0.0;285.0
6.0;88.0;1014.0;9.0;3;10.73;0.0;0.0;271.0
7.0;88.0;1014.0;8.0;3;12.52;0.0;0.0;262.0
6.0;88.0;1014.0;7.0;3;14.31;0.0;0.0;257.0
7.0;88.0;1014.0;8.0;3;16.1;0.0;0.0;275.0
7.0;88.0;1014.0;10.0;3;20.12;0.0;0.0;259.0
7.0;88.0;1014.0;9.0;8;0.89;0.0;0.0;233.0
7.0;88.0;1014.0;8.0;8;1.34;0.0;0.0;248.0
6.0;88.0;1014.0;7.0;8;2.23;0.0;0.0;276.0
6.0;88.0;1014.0;7.0;8;2.68;0.0;0.0;273.0
6.0;88.0;1014.0;6.0;8;3.13;0.0;0.0;264.0
5.0;88.0;1014.0;5.0;8;3.58;0.0;0.0;243.0
4.0;88.0;1014.0;4.0;1;0.89;0.0;0.0;223.0
3.0;88.0;1014.0;3.0;7;1.79;0.0;0.0;272.0
4.0;88.0;1014.0;4.0;7;3.58;0.0;0.0;231.0
5.0;88.0;1014.0;5.0;7;4.47;0.0;0.0;211.0
5.0;88.0;1014.0;5.0;7;6.26;0.0;0.0;233.0
8.0;88.0;1014.0;8.0;7;8.05;0.0;0.0;239.0
8.0;88.0;1014.0;9.0;7;11.18;0.0;0.0;206.0
6.0;88.0;1014.0;12.0;1;3.13;0.0;0.0;199.0
6.0;88.0;1014.0;13.0;1;4.92;0.0;0.0;183.0
6.0;88.0;1014.0;13.0;3;3.13;0.0;0.0;164.0
6.0;88.0;1014.0;13.0;3;6.26;0.0;0.0;182.0
6.0;88.0;1014.0;12.0;3;9.39;0.0;0.0;214.0
7.0;88.0;1014.0;11.0;3;11.18;0.0;0.0;242.0
6.0;88.0;1014.0;11.0;3;14.31;0.0;0.0;248.0
6.0;88.0;1014.0;10.0;3;16.1;0.0;0.0;254.0
6.0;88.0;1014.0;10.0;3;17.89;0.0;0.0;222.0
5.0;88.0;1014.0;10.0;3;19.68;0.0;0.0;119.0
4.0;88.0;1014.0;10.0;3;21.47;0.0;0.0;61.0
4.0;88.0;1014.0;9.0;3;23.26;0.0;0.0;44.0
4.0;88.0;1014.0;9.0;8;0.45;0.0;0.0;47.0
5.0;88.0;1014.0;7.0;3;0.89;0.0;0.0;48.0
5.0;88.0;1014.0;7.0;7;1.79;0.0;0.0;38.0
6.0;88.0;1014.0;7.0;7;4.92;0.0;0.0;45.0
6.0;88.0;1014.0;7.0;7;8.05;0.0;0.0;40.0
5.0;88.0;1014.0;6.0;8;0.89;0.0;0.0;43.0
6.0;88.0;1014.0;6.0;1;0.89;0.0;0.0;42.0
6.0;88.0;1014.0;6.0;8;0.89;0.0;0.0;50.0
6.0;88.0;1014.0;6.0;3;0.89;0.0;0.0;57.0
6.0;88.0;1014.0;7.0;8;0.89;0.0;0.0;72.0
5.0;88.0;1014.0;7.0;3;1.79;0.0;0.0;52.0
4.0;88.0;1014.0;7.0;3;3.58;0.0;0.0;42.0
2.0;88.0;1014.0;8.0;3;6.71;0.0;0.0;56.0
3.0;88.0;1014.0;9.0;3;9.84;0.0;0.0;78.0
2.0;88.0;1014.0;8.0;3;11.63;0.0;0.0;74.0
1.0;88.0;1014.0;9.0;3;13.42;0.0;0.0;68.0
1.0;88.0;1014.0;9.0;3;15.21;0.0;0.0;60.0
1.0;88.0;1014.0;9.0;3;17.0;0.0;0.0;49.0
2.0;88.0;1014.0;9.0;3;18.79;0.0;0.0;52.0
0.0;88.0;1014.0;9.0;8;3.13;0.0;0.0;66.0
0.0;88.0;1014.0;8.0;3;1.79;0.0;0.0;69.0
1.0;88.0;1014.0;5.0;8;0.89;0.0;0.0;62.0
2.0;88.0;1014.0;4.0;8;1.78;0.0;0.0;59.0
2.0;88.0;1014.0;4.0;3;1.79;0.0;0.0;70.0
1.0;88.0;1014.0;7.0;3;3.58;0.0;0.0;69.0
1.0;88.0;1014.0;4.0;8;0.45;0.0;0.0;72.0
0.0;88.0;1014.0;1.0;7;1.79;0.0;0.0;76.0
2.0;88.0;1014.0;2.0;8;0.89;0.0;0.0;88.0
1.0;88.0;1014.0;2.0;8;1.78;0.0;0.0;92.0
0.0;88.0;1014.0;0.0;7;3.13;0.0;0.0;81.0
1.0;88.0;1014.0;1.0;7;6.26;0.0;0.0;72.0
3.0;88.0;1014.0;4.0;1;3.13;0.0;0.0;66.0
1.0;88.0;1014.0;2.0;7;3.13;0.0;0.0;56.0
3.0;88.0;1014.0;4.0;1;1.79;0.0;0.0;51.0
0.0;88.0;1014.0;7.0;1;5.81;0.0;0.0;28.0
-4.0;88.0;1014.0;8.0;1;10.73;0.0;0.0;17.0
-3.0;88.0;1014.0;8.0;1;14.75;0.0;0.0;20.0
-5.0;88.0;1014.0;9.0;1;18.77;0.0;0.0;16.0
-5.0;88.0;1014.0;10.0;3;1.79;0.0;0.0;23.0
-1.0;88.0;1014.0;9.0;3;3.58;0.0;0.0;38.0
2.0;88.0;1014.0;9.0;3;6.71;0.0;0.0;102.0
3.0;88.0;1014.0;8.0;3;10.73;0.0;0.0;72.0
1.0;88.0;1014.0;7.0;3;13.86;0.0;0.0;63.0
2.0;88.0;1014.0;7.0;3;17.88;0.0;0.0;54.0
1.0;88.0;1014.0;6.0;3;21.01;0.0;0.0;48.0
0.0;88.0;1014.0;6.0;3;24.14;0.0;0.0;43.0
1.0;88.0;1014.0;5.0;3;25.93;0.0;0.0;46.0
1.0;88.0;1014.0;5.0;3;29.06;0.0;0.0;43.0
1.0;88.0;1014.0;5.0;3;32.19;0.0;0.0;56.0
1.0;88.0;1014.0;5.0;3;35.32;0.0;0.0;52.0
-1.0;88.0;1014.0;4.0;3;38.45;0.0;0.0;56.0
-2.0;88.0;1014.0;4.0;3;41.58;0.0;0.0;45.0
-3.0;88.0;1014.0;4.0;3;44.71;0.0;0.0;36.0
-3.0;88.0;1014.0;4.0;3;47.84;0.0;0.0;40.0
-3.0;88.0;1014.0;4.0;3;50.97;0.0;0.0;44.0
-1.0;88.0;1014.0;3.0;3;54.1;0.0;0.0;42.0
0.0;88.0;1014.0;3.0;3;57.23;0.0;0.0;40.0
0.0;88.0;1014.0;3.0;3;60.36;0.0;0.0;34.0
-1.0;88.0;1014.0;3.0;3;62.15;0.0;0.0;51.0
-1.0;88.0;1014.0;4.0;3;65.28;0.0;0.0;68.0
-1.0;88.0;1014.0;4.0;3;68.41;0.0;0.0;58.0
0.0;88.0;1014.0;4.0;3;71.54;0.0;0.0;62.0
1.0;88.0;1014.0;4.0;3;74.67;0.0;0.0;71.0
1.0;88.0;1014.0;5.0;3;77.8;0.0;0.0;69.0
1.0;88.0;1014.0;5.0;3;80.93;0.0;0.0;77.0
1.0;88.0;1014.0;5.0;3;82.72;0.0;0.0;79.0
1.0;88.0;1014.0;5.0;3;84.51;0.0;0.0;85.0
1.0;88.0;1014.0;5.0;3;87.64;0.0;0.0;75.0
1.0;88.0;1014.0;5.0;3;89.43;0.0;0.0;77.0
1.0;88.0;1014.0;5.0;3;92.56;0.0;0.0;83.0
2.0;88.0;1014.0;5.0;3;93.45;0.0;0.0;78.0
2.0;88.0;1014.0;5.0;8;0.89;0.0;0.0;84.0
2.0;88.0;1014.0;5.0;3;3.13;0.0;0.0;84.0
2.0;88.0;1014.0;5.0;3;6.26;0.0;0.0;85.0
2.0;88.0;1014.0;5.0;3;7.15;0.0;0.0;88.0
3.0;88.0;1014.0;4.0;1;1.79;0.0;0.0;102.0
3.0;88.0;1014.0;4.0;3;1.79;0.0;0.0;91.0
3.0;88.0;1014.0;4.0;1;1.79;0.0;0.0;73.0
3.0;88.0;1014.0;4.0;8;0.89;0.0;0.0;83.0
3.0;88.0;1014.0;4.0;1;1.79;0.0;0.0;88.0
4.0;88.0;1014.0;4.0;1;3.58;0.0;0.0;86.0
4.0;88.0;1014.0;4.0;3;1.79;0.0;0.0;86.0
4.0;88.0;1014.0;4.0;3;3.58;0.0;0.0;92.0
4.0;88.0;1014.0;4.0;3;5.37;0.0;0.0;109.0
4.0;88.0;1014.0;4.0;3;7.16;0.0;0.0;101.0
4.0;88.0;1014.0;4.0;3;8.95;0.0;0.0;84.0
4.0;88.0;1014.0;4.0;3;10.74;0.0;0.0;57.0
4.0;88.0;1014.0;4.0;3;13.87;0.0;0.0;54.0
4.0;88.0;1014.0;4.0;3;17.0;0.0;0.0;67.0
3.0;88.0;1014.0;3.0;3;21.02;0.0;0.0;87.0
2.0;88.0;1014.0;2.0;3;25.04;0.0;0.0;57.0
1.0;100.0;1027.0;1.0;3;28.17;0.0;0.0;73.0
1.0;100.0;1027.0;1.0;3;33.09;0.0;0.0;80.0
1.0;100.0;1027.0;1.0;3;36.22;0.0;0.0;91.0
1.0;88.0;1014.0;1.0;3;40.24;0.0;0.0;88.0
1.0;88.0;1014.0;1.0;3;43.37;0.0;0.0;90.0
0.0;88.0;1014.0;1.0;3;46.5;0.0;0.0;74.0
0.0;88.0;1014.0;1.0;3;48.29;0.0;0.0;63.0
0.0;88.0;1014.0;1.0;3;50.08;0.0;0.0;60.0
0.0;88.0;1014.0;1.0;3;51.87;0.0;0.0;59.0
0.0;100.0;1027.0;0.0;3;55.0;0.0;0.0;50.0
0.0;100.0;1026.0;0.0;8;0.89;0.0;0.0;45.0
0.0;100.0;1026.0;0.0;3;1.79;0.0;0.0;32.0
0.0;100.0;1027.0;0.0;3;3.58;0.0;0.0;36.0
0.0;100.0;1027.0;0.0;3;5.37;0.0;0.0;45.0
0.0;100.0;1027.0;0.0;3;7.16;0.0;0.0;49.0
0.0;88.0;1014.0;0.0;3;8.95;0.0;0.0;61.0
0.0;88.0;1014.0;0.0;8;0.89;0.0;0.0;71.0
0.0;88.0;1014.0;1.0;3;1.79;0.4;0.4;87.0
1.0;88.0;1014.0;1.0;3;3.58;0.2;0.6;100.0
0.0;88.0;1014.0;1.0;3;4.47;0.0;0.0;99.0
0.0;88.0;1014.0;1.0;3;6.26;0.0;0.0;91.0
0.0;88.0;1014.0;1.0;8;0.89;0.0;0.0;89.0
0.0;88.0;1014.0;2.0;8;1.78;0.0;0.0;105.0
0.0;88.0;1014.0;2.0;8;2.67;0.0;0.0;95.0
0.0;88.0;1014.0;2.0;1;1.79;0.0;0.0;111.0
1.0;88.0;1014.0;2.0;8;0.89;0.0;0.0;82.0
1.0;88.0;1014.0;2.0;8;1.78;0.0;0.0;81.0
1.0;88.0;1014.0;2.0;3;0.89;0.1;0.1;56.0
1.0;88.0;1014.0;2.0;8;0.89;0.1;0.2;43.0
1.0;88.0;1014.0;2.0;8;1.78;0.0;0.0;35.0
1.0;88.0;1014.0;2.0;3;0.89;0.1;0.1;35.0
1.0;88.0;1014.0;2.0;8;0.89;0.1;0.2;35.0
1.0;88.0;1014.0;1.0;8;1.34;0.2;0.4;29.0
1.0;88.0;1014.0;2.0;8;1.79;0.3;0.7;27.0
2.0;88.0;1014.0;2.0;7;1.79;0.3;1.0;24.0
1.0;88.0;1014.0;2.0;8;0.45;0.1;1.1;28.0
1.0;88.0;1014.0;1.0;3;1.79;0.1;1.2;31.0
0.0;88.0;1014.0;1.0;3;4.92;0.2;1.4;35.0
0.0;88.0;1014.0;1.0;3;8.05;0.2;1.6;38.0
0.0;100.0;1032.0;0.0;3;9.84;0.1;1.7;31.0
0.0;100.0;1032.0;0.0;3;11.63;0.1;1.8;35.0
0.0;100.0;1033.0;0.0;8;0.89;0.3;2.1;43.0
0.0;100.0;1032.0;0.0;3;1.79;0.2;2.3;41.0
0.0;100.0;1031.0;0.0;3;3.58;0.3;2.6;53.0
0.0;100.0;1031.0;0.0;3;5.37;0.1;2.7;45.0
0.0;100.0;1032.0;0.0;8;0.89;0.0;0.0;46.0
0.0;100.0;1032.0;0.0;8;1.78;0.0;0.0;57.0
0.0;93.0;1033.0;1.0;8;2.67;0.0;0.0;60.0
0.0;100.0;1033.0;0.0;3;1.79;0.0;0.0;64.0
0.0;100.0;1034.0;0.0;3;3.58;0.0;0.0;81.0
0.0;100.0;1035.0;0.0;3;5.37;0.0;0.0;83.0
0.0;100.0;1035.0;0.0;3;7.16;0.0;0.0;77.0
0.0;100.0;1035.0;0.0;3;10.29;0.0;0.0;80.0
-1.0;92.0;1035.0;0.0;3;12.08;0.0;0.0;69.0
-2.0;86.0;1035.0;0.0;3;12.97;0.0;0.0;78.0
-1.0;92.0;1035.0;0.0;3;13.86;0.0;0.0;77.0
-1.0;92.0;1035.0;0.0;3;14.75;0.0;0.0;73.0
-1.0;92.0;1035.0;0.0;3;15.64;0.0;0.0;61.0
-1.0;92.0;1035.0;0.0;3;16.53;0.0;0.0;68.0
-1.0;92.0;1035.0;0.0;8;0.89;0.0;0.0;66.0
-1.0;92.0;1035.0;0.0;1;0.89;0.1;0.1;77.0
-1.0;92.0;1035.0;0.0;8;0.89;1.0;1.1;69.0
-2.0;92.0;1036.0;-1.0;7;1.79;1.1;2.2;50.0
-2.0;100.0;1037.0;-2.0;8;0.89;0.7;2.9;41.0
-3.0;92.0;1037.0;-2.0;3;3.13;0.4;3.3;45.0
-3.0;92.0;1037.0;-2.0;3;6.26;0.5;3.8;40.0
-3.0;100.0;1037.0;-3.0;3;8.05;0.6;4.4;38.0
-4.0;92.0;1036.0;-3.0;3;9.84;0.7;5.1;26.0
-4.0;92.0;1036.0;-3.0;3;12.97;0.8;5.9;32.0
-3.0;100.0;1036.0;-3.0;8;0.89;0.3;6.2;34.0
-4.0;92.0;1036.0;-3.0;3;1.79;0.1;6.3;34.0
-4.0;100.0;1036.0;-4.0;3;4.92;0.1;6.4;40.0
-4.0;100.0;1036.0;-4.0;3;6.71;0.2;6.6;37.0
-4.0;100.0;1037.0;-4.0;3;8.5;0.3;6.9;43.0
-4.0;100.0;1037.0;-4.0;3;10.29;0.2;7.1;40.0
-4.0;100.0;1037.0;-4.0;3;11.18;0.0;0.0;47.0
-4.0;100.0;1037.0;-4.0;8;0.89;0.1;0.1;45.0
-4.0;100.0;1037.0;-4.0;8;1.78;0.2;0.3;48.0
-4.0;100.0;1037.0;-4.0;8;2.67;0.0;0.0;33.0
-5.0;92.0;1036.0;-4.0;7;1.79;0.0;0.0;34.0
-5.0;92.0;1036.0;-4.0;7;4.92;0.0;0.0;38.0
-5.0;92.0;1036.0;-4.0;8;0.89;0.0;0.0;20.0
-6.0;85.0;1036.0;-4.0;1;0.89;0.0;0.0;20.0
-7.0;79.0;1036.0;-4.0;1;2.68;0.0;0.0;21.0
-7.0;79.0;1037.0;-4.0;8;0.89;0.0;0.0;18.0
-8.0;73.0;1037.0;-4.0;1;1.79;0.0;0.0;25.0
-9.0;68.0;1038.0;-4.0;1;5.81;0.0;0.0;25.0
-9.0;68.0;1038.0;-4.0;1;8.94;0.0;0.0;30.0
-9.0;63.0;1039.0;-3.0;1;12.07;0.0;0.0;25.0
-9.0;63.0;1039.0;-3.0;1;16.09;0.0;0.0;29.0
-8.0;63.0;1038.0;-2.0;7;4.02;0.0;0.0;34.0
-8.0;58.0;1038.0;-1.0;7;5.81;0.0;0.0;34.0
-8.0;54.0;1038.0;0.0;7;7.6;0.0;0.0;33.0
-8.0;58.0;1037.0;-1.0;7;9.39;0.0;0.0;32.0
-7.0;63.0;1038.0;-1.0;8;0.89;0.0;0.0;29.0
-8.0;73.0;1039.0;-4.0;8;1.78;0.0;0.0;20.0
-7.0;68.0;1039.0;-2.0;7;4.02;0.0;0.0;15.0
-8.0;63.0;1041.0;-2.0;7;8.04;0.0;0.0;21.0
-9.0;68.0;1041.0;-4.0;7;11.17;0.0;0.0;16.0
-10.0;67.0;1042.0;-5.0;7;12.06;0.0;0.0;19.0
-12.0;53.0;1043.0;-4.0;1;3.13;0.0;0.0;25.0
-12.0;62.0;1043.0;-6.0;1;4.92;0.0;0.0;19.0
-12.0;57.0;1042.0;-5.0;1;8.94;0.0;0.0;20.0
-13.0;57.0;1042.0;-6.0;1;12.07;0.0;0.0;9.0
-13.0;57.0;1042.0;-6.0;1;13.86;0.0;0.0;10.0
-13.0;62.0;1042.0;-7.0;7;1.79;0.0;0.0;11.0
-14.0;61.0;1042.0;-8.0;7;4.92;0.0;0.0;8.0
-13.0;62.0;1041.0;-7.0;1;4.02;0.0;0.0;13.0
-13.0;57.0;1041.0;-6.0;1;7.15;0.0;0.0;14.0
-13.0;57.0;1041.0;-6.0;1;10.28;0.0;0.0;12.0
-13.0;57.0;1041.0;-6.0;1;14.3;0.0;0.0;17.0
-13.0;57.0;1041.0;-6.0;1;17.43;0.0;0.0;23.0
-12.0;62.0;1041.0;-6.0;7;3.13;0.0;0.0;21.0
-13.0;53.0;1041.0;-5.0;1;1.79;0.0;0.0;27.0
-13.0;49.0;1040.0;-4.0;7;1.79;0.0;0.0;34.0
-12.0;53.0;1039.0;-4.0;7;3.58;0.0;0.0;37.0
-14.0;45.0;1038.0;-4.0;8;0.89;0.0;0.0;37.0
-12.0;57.0;1038.0;-5.0;7;1.79;0.0;0.0;31.0
-10.0;67.0;1038.0;-5.0;1;1.79;0.0;0.0;44.0
-9.0;79.0;1037.0;-6.0;8;0.89;0.0;0.0;39.0
-10.0;85.0;1037.0;-8.0;8;1.78;0.0;0.0;35.0
-9.0;92.0;1037.0;-8.0;1;0.89;0.0;0.0;50.0
-8.0;92.0;1036.0;-7.0;7;0.89;0.0;0.0;59.0
-9.0;92.0;1036.0;-8.0;1;0.89;0.0;0.0;69.0
-8.0;92.0;1035.0;-7.0;7;1.79;0.0;0.0;67.0
-9.0;92.0;1034.0;-8.0;1;0.89;0.0;0.0;67.0
-9.0;92.0;1034.0;-8.0;1;1.78;0.0;0.0;69.0
-9.0;92.0;1033.0;-8.0;1;2.67;0.0;0.0;63.0
-8.0;92.0;1033.0;-7.0;7;0.89;0.0;0.0;74.0
-8.0;92.0;1032.0;-7.0;1;3.13;0.0;0.0;85.0
-8.0;85.0;1031.0;-6.0;7;1.79;0.0;0.0;91.0
-8.0;92.0;1031.0;-7.0;7;3.58;0.0;0.0;84.0
-10.0;85.0;1030.0;-8.0;1;1.79;0.0;0.0;89.0
-10.0;92.0;1030.0;-9.0;7;1.79;0.0;0.0;93.0
-10.0;92.0;1030.0;-9.0;7;4.92;0.0;0.0;92.0
-9.0;85.0;1031.0;-7.0;7;8.05;0.0;0.0;82.0
-9.0;79.0;1031.0;-6.0;7;11.18;0.0;0.0;96.0
-8.0;79.0;1030.0;-5.0;7;15.2;0.0;0.0;96.0
-9.0;63.0;1030.0;-3.0;7;18.33;0.0;0.0;72.0
-9.0;58.0;1029.0;-2.0;7;23.25;0.0;0.0;11.0
-12.0;49.0;1029.0;-3.0;7;35.32;0.0;0.0;11.0
-15.0;45.0;1030.0;-5.0;7;47.39;0.0;0.0;8.0
-17.0;38.0;1031.0;-5.0;7;59.46;0.0;0.0;13.0
-17.0;41.0;1032.0;-6.0;7;69.29;0.0;0.0;10.0
-18.0;41.0;1033.0;-7.0;7;78.23;0.0;0.0;13.0
-18.0;41.0;1033.0;-7.0;7;90.3;0.0;0.0;9.0
-17.0;48.0;1034.0;-8.0;7;99.24;0.0;0.0;8.0
-18.0;44.0;1035.0;-8.0;7;107.29;0.0;0.0;9.0
-18.0;44.0;1035.0;-8.0;7;116.23;0.0;0.0;8.0
-19.0;40.0;1035.0;-8.0;7;125.17;0.0;0.0;7.0
-18.0;48.0;1035.0;-9.0;7;134.11;0.0;0.0;8.0
-18.0;48.0;1034.0;-9.0;7;142.16;0.0;0.0;9.0
-18.0;48.0;1034.0;-9.0;7;150.21;0.0;0.0;6.0
-18.0;51.0;1034.0;-10.0;7;157.36;0.0;0.0;5.0
-18.0;51.0;1033.0;-10.0;7;164.51;0.0;0.0;8.0
-18.0;48.0;1033.0;-9.0;7;171.66;0.0;0.0;12.0
-18.0;60.0;1033.0;-12.0;7;175.68;0.0;0.0;9.0
-18.0;60.0;1034.0;-12.0;7;178.81;0.0;0.0;9.0
-17.0;52.0;1035.0;-9.0;7;183.73;0.0;0.0;13.0
-16.0;52.0;1035.0;-8.0;7;189.54;0.0;0.0;11.0
-15.0;52.0;1035.0;-7.0;7;193.56;0.0;0.0;12.0
-15.0;48.0;1034.0;-6.0;7;197.58;0.0;0.0;17.0
-14.0;49.0;1033.0;-5.0;1;3.13;0.0;0.0;18.0
-13.0;45.0;1032.0;-3.0;7;4.02;0.0;0.0;14.0
-13.0;42.0;1031.0;-2.0;7;8.04;0.0;0.0;10.0
-14.0;39.0;1031.0;-2.0;7;13.85;0.0;0.0;11.0
-15.0;36.0;1030.0;-2.0;7;19.66;0.0;0.0;16.0
-14.0;42.0;1030.0;-3.0;7;23.68;0.0;0.0;47.0
-14.0;49.0;1030.0;-5.0;7;25.47;0.0;0.0;61.0
-13.0;57.0;1030.0;-6.0;3;0.89;0.0;0.0;60.0
-12.0;78.0;1030.0;-9.0;3;2.68;0.0;0.0;112.0
-12.0;78.0;1030.0;-9.0;8;0.89;0.0;0.0;138.0
-11.0;78.0;1030.0;-8.0;8;1.78;0.0;0.0;134.0
-11.0;85.0;1029.0;-9.0;8;2.67;0.0;0.0;126.0
-11.0;85.0;1029.0;-9.0;1;0.89;0.0;0.0;150.0
-12.0;72.0;1029.0;-8.0;1;2.68;0.0;0.0;171.0
-12.0;72.0;1028.0;-8.0;1;4.47;0.0;0.0;171.0
-12.0;72.0;1028.0;-8.0;1;6.26;0.0;0.0;185.0
-11.0;78.0;1027.0;-8.0;8;0.89;0.0;0.0;168.0
-11.0;78.0;1026.0;-8.0;8;1.78;0.0;0.0;160.0
-10.0;79.0;1026.0;-7.0;8;2.67;0.0;0.0;192.0
-10.0;79.0;1026.0;-7.0;8;3.56;0.0;0.0;204.0
-9.0;85.0;1026.0;-7.0;8;4.45;0.0;0.0;200.0
-9.0;79.0;1026.0;-6.0;3;1.79;0.0;0.0;197.0
-8.0;79.0;1026.0;-5.0;8;0.89;0.0;0.0;192.0
-8.0;73.0;1026.0;-4.0;1;1.79;0.0;0.0;218.0
-9.0;68.0;1025.0;-4.0;8;0.89;0.0;0.0;272.0
-9.0;58.0;1024.0;-2.0;8;1.78;0.0;0.0;302.0
-9.0;54.0;1024.0;-1.0;8;2.67;0.0;0.0;310.0
-9.0;54.0;1023.0;-1.0;8;3.56;0.0;0.0;328.0
-10.0;54.0;1024.0;-2.0;8;4.45;0.0;0.0;331.0
-8.0;73.0;1025.0;-4.0;3;0.89;0.0;0.0;307.0
-8.0;79.0;1025.0;-5.0;3;1.78;0.0;0.0;312.0
-8.0;79.0;1026.0;-5.0;8;0.89;0.0;0.0;321.0
-8.0;79.0;1026.0;-5.0;3;0.89;0.0;0.0;311.0
-7.0;79.0;1027.0;-4.0;8;0.89;0.0;0.0;339.0
-7.0;79.0;1027.0;-4.0;3;0.89;0.0;0.0;355.0
-6.0;85.0;1028.0;-4.0;8;0.89;0.0;0.0;337.0
-7.0;79.0;1028.0;-4.0;3;0.89;0.0;0.0;320.0
-6.0;85.0;1028.0;-4.0;3;1.78;0.0;0.0;352.0
-6.0;85.0;1028.0;-4.0;7;1.79;0.0;0.0;343.0
-6.0;79.0;1028.0;-3.0;7;3.58;0.0;0.0;308.0
-6.0;85.0;1027.0;-4.0;8;0.45;0.0;0.0;313.0
-6.0;79.0;1028.0;-3.0;8;0.9;0.0;0.0;314.0
-5.0;86.0;1028.0;-3.0;8;1.79;0.0;0.0;269.0
-6.0;79.0;1029.0;-3.0;8;2.68;0.0;0.0;247.0
-6.0;79.0;1030.0;-3.0;3;0.89;0.0;0.0;245.0
-6.0;74.0;1030.0;-2.0;8;0.89;0.0;0.0;262.0
-6.0;74.0;1031.0;-2.0;3;1.79;0.0;0.0;390.0
-5.0;74.0;1031.0;-1.0;8;0.89;0.0;0.0;391.0
-5.0;74.0;1030.0;-1.0;3;1.79;0.0;0.0;365.0
-5.0;69.0;1029.0;0.0;8;0.89;0.0;0.0;306.0
-5.0;69.0;1029.0;0.0;1;1.79;0.0;0.0;290.0
-5.0;69.0;1029.0;0.0;3;1.79;0.0;0.0;301.0
-5.0;74.0;1029.0;-1.0;8;0.89;0.0;0.0;246.0
-5.0;74.0;1029.0;-1.0;8;1.78;0.0;0.0;265.0
-4.0;80.0;1029.0;-1.0;8;2.67;0.0;0.0;274.0
-4.0;80.0;1029.0;-1.0;8;3.56;0.0;0.0;302.0
-4.0;80.0;1030.0;-1.0;3;0.89;0.0;0.0;297.0
-5.0;79.0;1030.0;-2.0;8;0.89;0.0;0.0;280.0
-4.0;80.0;1029.0;-1.0;1;0.89;0.0;0.0;263.0
-3.0;86.0;1029.0;-1.0;3;0.89;0.0;0.0;270.0
-3.0;86.0;1028.0;-1.0;8;0.45;0.0;0.0;285.0
-3.0;86.0;1028.0;-1.0;8;1.34;0.0;0.0;238.0
-3.0;86.0;1028.0;-1.0;1;0.89;0.0;0.0;252.0
-3.0;86.0;1027.0;-1.0;8;0.45;0.0;0.0;262.0
-3.0;92.0;1027.0;-2.0;8;0.9;0.0;0.0;260.0
-4.0;92.0;1026.0;-3.0;8;1.79;0.0;0.0;258.0
-4.0;100.0;1026.0;-4.0;7;0.89;0.0;0.0;253.0
-4.0;100.0;1026.0;-4.0;8;0.89;0.0;0.0;242.0
-5.0;100.0;1027.0;-5.0;1;1.79;0.0;0.0;256.0
-3.0;92.0;1027.0;-2.0;7;3.13;0.0;0.0;252.0
-2.0;86.0;1027.0;0.0;7;4.92;0.0;0.0;306.0
-3.0;69.0;1027.0;2.0;7;6.71;0.0;0.0;275.0
-3.0;64.0;1026.0;3.0;8;0.89;0.0;0.0;245.0
-3.0;56.0;1025.0;5.0;7;1.79;0.0;0.0;203.0
-2.0;60.0;1025.0;5.0;8;0.89;0.0;0.0;166.0
-2.0;56.0;1025.0;6.0;8;1.78;0.0;0.0;145.0
-2.0;60.0;1025.0;5.0;1;0.89;0.0;0.0;114.0
-2.0;74.0;1026.0;2.0;8;0.89;0.0;0.0;84.0
-4.0;86.0;1026.0;-2.0;1;0.89;0.0;0.0;213.0
-3.0;80.0;1027.0;0.0;8;0.89;0.0;0.0;310.0
-4.0;80.0;1027.0;-1.0;8;1.78;0.0;0.0;377.0
-4.0;92.0;1027.0;-3.0;8;2.67;0.0;0.0;375.0
-5.0;92.0;1027.0;-4.0;7;4.02;0.0;0.0;367.0
-4.0;80.0;1027.0;-1.0;1;1.79;0.0;0.0;338.0
-4.0;92.0;1027.0;-3.0;3;1.79;0.0;0.0;139.0
-5.0;92.0;1027.0;-4.0;8;0.89;0.0;0.0;81.0
-5.0;92.0;1027.0;-4.0;7;0.89;0.0;0.0;76.0
-7.0;85.0;1027.0;-5.0;7;2.68;0.0;0.0;61.0
-6.0;92.0;1026.0;-5.0;1;0.89;0.0;0.0;49.0
-6.0;92.0;1026.0;-5.0;8;0.89;0.0;0.0;58.0
-5.0;92.0;1026.0;-4.0;8;1.78;0.0;0.0;103.0
-5.0;100.0;1026.0;-5.0;1;1.79;0.0;0.0;325.0
-5.0;92.0;1027.0;-4.0;1;3.58;0.0;0.0;383.0
-3.0;100.0;1027.0;-3.0;1;5.37;0.0;0.0;470.0
-3.0;92.0;1027.0;-2.0;1;7.16;0.0;0.0;480.0
-2.0;92.0;1027.0;-1.0;8;0.89;0.0;0.0;564.0
-2.0;86.0;1026.0;0.0;3;1.79;0.0;0.0;592.0
-2.0;86.0;1025.0;0.0;3;3.58;0.0;0.0;604.0
-1.0;86.0;1024.0;1.0;8;0.89;0.0;0.0;600.0
-1.0;86.0;1023.0;1.0;8;1.78;0.0;0.0;608.0
-1.0;92.0;1023.0;0.0;8;2.67;0.0;0.0;625.0
-2.0;92.0;1023.0;-1.0;1;0.89;0.0;0.0;646.0
-2.0;92.0;1023.0;-1.0;1;1.78;0.0;0.0;654.0
-2.0;100.0;1023.0;-2.0;8;0.45;0.0;0.0;666.0
-2.0;92.0;1023.0;-1.0;8;1.34;0.0;0.0;621.0
-2.0;92.0;1024.0;-1.0;8;1.79;0.0;0.0;589.0
-3.0;92.0;1023.0;-2.0;8;2.68;0.0;0.0;464.0
-2.0;92.0;1023.0;-1.0;8;3.13;0.0;0.0;448.0
-2.0;92.0;1023.0;-1.0;8;4.02;0.0;0.0;505.0
-2.0;92.0;1022.0;-1.0;3;0.89;0.0;0.0;542.0
-2.0;92.0;1022.0;-1.0;8;0.89;0.0;0.0;455.0
-2.0;92.0;1021.0;-1.0;8;1.78;0.0;0.0;420.0
-1.0;100.0;1020.0;-1.0;3;1.79;0.0;0.0;429.0
-1.0;100.0;1020.0;-1.0;8;0.89;0.0;0.0;427.0
-1.0;100.0;1020.0;-1.0;3;0.89;0.0;0.0;444.0
-1.0;100.0;1020.0;-1.0;8;0.89;0.0;0.0;459.0
-1.0;92.0;1020.0;0.0;8;1.78;0.0;0.0;579.0
0.0;93.0;1020.0;1.0;3;1.79;0.0;0.0;598.0
-1.0;86.0;1020.0;1.0;3;3.58;0.0;0.0;571.0
-1.0;92.0;1019.0;0.0;1;0.89;0.0;0.0;547.0
-1.0;92.0;1019.0;0.0;3;0.89;0.0;0.0;621.0
0.0;100.0;1018.0;0.0;8;0.89;0.0;0.0;634.0
0.0;100.0;1017.0;0.0;8;1.78;0.0;0.0;620.0
0.0;100.0;1017.0;0.0;3;1.79;0.0;0.0;524.0
0.0;100.0;1017.0;0.0;8;0.89;0.0;0.0;418.0
0.0;93.0;1018.0;1.0;8;1.78;0.0;0.0;412.0
0.0;93.0;1019.0;1.0;8;2.67;0.0;0.0;389.0
0.0;93.0;1019.0;1.0;8;4.46;0.0;0.0;410.0
0.0;93.0;1019.0;1.0;8;7.59;0.0;0.0;393.0
0.0;100.0;1020.0;0.0;3;1.79;0.0;0.0;387.0
-2.0;92.0;1020.0;-1.0;1;1.79;0.0;0.0;349.0
-2.0;100.0;1020.0;-2.0;7;4.92;0.0;0.0;12.0
-2.0;92.0;1020.0;-1.0;1;3.13;0.0;0.0;12.0
-5.0;69.0;1021.0;0.0;7;1.79;0.0;0.0;13.0
-5.0;69.0;1021.0;0.0;3;1.79;0.0;0.0;10.0
-9.0;47.0;1021.0;1.0;7;4.92;0.0;0.0;9.0
-10.0;43.0;1021.0;1.0;7;12.07;0.0;0.0;7.0
-11.0;37.0;1021.0;2.0;7;20.12;0.0;0.0;7.0
-11.0;40.0;1021.0;1.0;7;24.14;0.0;0.0;6.0
-13.0;31.0;1021.0;2.0;7;32.19;0.0;0.0;6.0
-12.0;34.0;1022.0;2.0;7;41.13;0.0;0.0;6.0
-12.0;32.0;1022.0;3.0;7;48.28;0.0;0.0;6.0
-12.0;32.0;1021.0;3.0;7;56.33;0.0;0.0;7.0
-12.0;30.0;1020.0;4.0;7;65.27;0.0;0.0;7.0
-12.0;30.0;1019.0;4.0;7;76.45;0.0;0.0;9.0
-12.0;27.0;1019.0;5.0;7;87.63;0.0;0.0;7.0
-12.0;27.0;1019.0;5.0;7;97.46;0.0;0.0;9.0
-12.0;30.0;1019.0;4.0;7;107.29;0.0;0.0;9.0
-12.0;32.0;1020.0;3.0;7;116.23;0.0;0.0;6.0
-13.0;31.0;1020.0;2.0;7;124.28;0.0;0.0;5.0
-13.0;31.0;1020.0;2.0;7;130.09;0.0;0.0;3.0
-14.0;29.0;1021.0;2.0;7;135.9;0.0;0.0;4.0
-15.0;29.0;1021.0;1.0;7;143.05;0.0;0.0;3.0
-15.0;29.0;1021.0;1.0;7;150.2;0.0;0.0;1.0
-13.0;34.0;1020.0;1.0;7;160.03;0.0;0.0;5.0
-14.0;33.0;1020.0;0.0;7;168.97;0.0;0.0;5.0
-15.0;31.0;1020.0;0.0;7;177.91;0.0;0.0;6.0
-13.0;36.0;1020.0;0.0;7;185.96;0.0;0.0;6.0
-13.0;39.0;1020.0;-1.0;7;193.11;0.0;0.0;5.0
18.0;88.0;1014.0;24.0;3;0.89;0.0;0.0;5.0
-13.0;42.0;1020.0;-2.0;7;8.05;0.0;0.0;6.0
-13.0;42.0;1021.0;-2.0;7;15.2;0.0;0.0;5.0
-13.0;42.0;1021.0;-2.0;7;20.12;0.0;0.0;6.0
-14.0;36.0;1021.0;-1.0;7;25.93;0.0;0.0;5.0
-14.0;36.0;1023.0;-1.0;7;29.06;0.0;0.0;7.0
-15.0;31.0;1023.0;0.0;7;33.98;0.0;0.0;8.0
-15.0;29.0;1023.0;1.0;7;42.03;0.0;0.0;7.0
-15.0;27.0;1023.0;2.0;7;51.86;0.0;0.0;13.0
-15.0;27.0;1024.0;2.0;7;63.04;0.0;0.0;15.0
-15.0;27.0;1024.0;2.0;7;72.87;0.0;0.0;15.0
-14.0;29.0;1024.0;2.0;7;84.05;0.0;0.0;9.0
-15.0;27.0;1025.0;2.0;7;95.23;0.0;0.0;11.0
-14.0;29.0;1025.0;2.0;7;106.41;0.0;0.0;13.0
-14.0;31.0;1025.0;1.0;7;115.35;0.0;0.0;8.0
-14.0;33.0;1027.0;0.0;7;124.29;0.0;0.0;9.0
-12.0;39.0;1027.0;0.0;7;133.23;0.0;0.0;14.0
-12.0;39.0;1027.0;0.0;7;142.17;0.0;0.0;17.0
-13.0;39.0;1028.0;-1.0;7;149.32;0.0;0.0;14.0
-13.0;39.0;1028.0;-1.0;7;157.37;0.0;0.0;14.0
-13.0;39.0;1028.0;-1.0;7;166.31;0.0;0.0;11.0
-13.0;39.0;1028.0;-1.0;7;174.36;0.0;0.0;17.0
-13.0;42.0;1028.0;-2.0;7;180.17;0.0;0.0;9.0
-13.0;42.0;1028.0;-2.0;7;185.09;0.0;0.0;9.0
-13.0;42.0;1028.0;-2.0;7;190.01;0.0;0.0;10.0
-13.0;42.0;1028.0;-2.0;7;194.93;0.0;0.0;10.0
-13.0;39.0;1027.0;-1.0;7;202.08;0.0;0.0;6.0
-13.0;42.0;1027.0;-2.0;7;207.0;0.0;0.0;5.0
-13.0;39.0;1028.0;-1.0;7;214.15;0.0;0.0;6.0
-12.0;42.0;1028.0;-1.0;7;219.07;0.0;0.0;8.0
-13.0;31.0;1028.0;2.0;7;224.88;0.0;0.0;15.0
-14.0;27.0;1028.0;3.0;7;232.03;0.0;0.0;16.0
-13.0;27.0;1027.0;4.0;7;240.08;0.0;0.0;10.0
-14.0;23.0;1026.0;5.0;7;249.91;0.0;0.0;11.0
-13.0;24.0;1026.0;6.0;7;257.06;0.0;0.0;7.0
-13.0;22.0;1025.0;7.0;7;265.11;0.0;0.0;6.0
-14.0;22.0;1025.0;6.0;7;274.05;0.0;0.0;6.0
-12.0;26.0;1025.0;6.0;7;281.2;0.0;0.0;6.0
-11.0;30.0;1025.0;5.0;7;287.01;0.0;0.0;8.0
-11.0;32.0;1025.0;4.0;7;292.82;0.0;0.0;15.0
-10.0;35.0;1025.0;4.0;7;296.84;0.0;0.0;65.0
-10.0;32.0;1025.0;5.0;7;300.86;0.0;0.0;107.0
-10.0;32.0;1025.0;5.0;7;303.99;0.0;0.0;117.0
-10.0;35.0;1026.0;4.0;3;3.13;0.0;0.0;119.0
-9.0;40.0;1026.0;3.0;3;4.92;0.0;0.0;117.0
-9.0;43.0;1026.0;2.0;3;8.94;0.0;0.0;111.0
-10.0;40.0;1026.0;2.0;7;4.92;0.0;0.0;107.0
-9.0;54.0;1026.0;-1.0;7;8.94;0.0;0.0;35.0
-10.0;43.0;1026.0;1.0;7;13.86;0.0;0.0;19.0
-10.0;43.0;1026.0;1.0;7;18.78;0.0;0.0;16.0
-9.0;63.0;1027.0;-3.0;7;22.8;0.0;0.0;21.0
-8.0;79.0;1027.0;-5.0;1;1.79;0.0;0.0;22.0
-9.0;73.0;1028.0;-5.0;7;1.79;0.0;0.0;28.0
-8.0;73.0;1030.0;-4.0;8;0.89;0.0;0.0;48.0
-6.0;55.0;1031.0;2.0;7;1.79;0.0;0.0;32.0
-9.0;35.0;1031.0;5.0;7;5.81;0.0;0.0;18.0
-10.0;30.0;1031.0;6.0;1;4.02;0.0;0.0;17.0
-9.0;30.0;1030.0;7.0;1;7.15;0.0;0.0;17.0
-9.0;30.0;1029.0;7.0;1;10.28;0.0;0.0;21.0
-9.0;26.0;1029.0;9.0;1;12.07;0.0;0.0;17.0
-9.0;28.0;1029.0;8.0;8;0.89;0.0;0.0;20.0
-9.0;30.0;1030.0;7.0;3;0.89;0.0;0.0;22.0
-9.0;38.0;1030.0;4.0;8;0.89;0.0;0.0;36.0
-8.0;50.0;1031.0;1.0;3;0.89;0.0;0.0;46.0
-6.0;63.0;1031.0;0.0;3;1.78;0.0;0.0;78.0
-5.0;74.0;1031.0;-1.0;8;0.89;0.0;0.0;76.0
-7.0;47.0;1031.0;3.0;3;3.13;0.0;0.0;48.0
-8.0;44.0;1031.0;3.0;3;7.15;0.0;0.0;52.0
-6.0;68.0;1031.0;-1.0;8;0.89;0.0;0.0;66.0
-6.0;79.0;1031.0;-3.0;3;1.79;0.0;0.0;72.0
-6.0;79.0;1031.0;-3.0;8;0.89;0.0;0.0;90.0
-6.0;79.0;1031.0;-3.0;1;0.89;0.0;0.0;118.0
-6.0;79.0;1030.0;-3.0;1;1.78;0.0;0.0;187.0
-6.0;85.0;1030.0;-4.0;7;0.89;0.0;0.0;173.0
-6.0;85.0;1030.0;-4.0;7;1.78;0.0;0.0;143.0
-6.0;92.0;1030.0;-5.0;7;3.57;0.0;0.0;88.0
-6.0;85.0;1030.0;-4.0;7;5.36;0.0;0.0;77.0
-5.0;86.0;1030.0;-3.0;7;6.25;0.0;0.0;88.0
-4.0;80.0;1031.0;-1.0;1;0.89;0.0;0.0;92.0
-4.0;69.0;1031.0;1.0;8;0.89;0.0;0.0;108.0
-4.0;64.0;1031.0;2.0;8;1.78;0.0;0.0;136.0
-4.0;55.0;1030.0;4.0;8;2.67;0.0;0.0;16.0
-4.0;55.0;1029.0;4.0;3;1.79;0.0;0.0;184.0
-3.0;56.0;1028.0;5.0;8;0.89;0.0;0.0;200.0
-3.0;56.0;1028.0;5.0;8;1.78;0.0;0.0;237.0
-3.0;60.0;1028.0;4.0;1;0.89;0.0;0.0;226.0
-4.0;74.0;1029.0;0.0;1;1.78;0.0;0.0;221.0
-5.0;79.0;1029.0;-2.0;7;1.79;0.0;0.0;227.0
-3.0;86.0;1030.0;-1.0;1;0.89;0.0;0.0;196.0
-4.0;80.0;1030.0;-1.0;8;0.89;0.0;0.0;190.0
-3.0;80.0;1031.0;0.0;7;0.89;0.0;0.0;190.0
-3.0;86.0;1031.0;-1.0;1;1.79;0.0;0.0;213.0
-3.0;80.0;1032.0;0.0;8;0.89;0.0;0.0;220.0
-3.0;80.0;1032.0;0.0;8;1.78;0.0;0.0;205.0
-3.0;80.0;1032.0;0.0;8;2.67;0.0;0.0;196.0
-4.0;69.0;1032.0;1.0;8;3.12;0.0;0.0;190.0
-3.0;80.0;1032.0;0.0;8;4.01;0.0;0.0;16.0
-2.0;86.0;1032.0;0.0;7;1.79;0.0;0.0;177.0
-3.0;80.0;1032.0;0.0;3;0.89;0.0;0.0;177.0
-3.0;80.0;1032.0;0.0;8;0.89;0.0;0.0;171.0
-2.0;86.0;1033.0;0.0;7;1.79;0.0;0.0;171.0
-3.0;80.0;1033.0;0.0;7;3.58;0.0;0.0;175.0
-3.0;74.0;1034.0;1.0;3;0.89;0.0;0.0;171.0
-2.0;74.0;1034.0;2.0;8;0.89;0.0;0.0;168.0
-2.0;69.0;1034.0;3.0;3;1.79;0.0;0.0;192.0
-2.0;64.0;1033.0;4.0;3;3.58;0.0;0.0;182.0
-2.0;64.0;1033.0;4.0;8;0.89;0.0;0.0;166.0
-1.0;69.0;1032.0;4.0;1;1.79;0.0;0.0;199.0
-2.0;64.0;1031.0;4.0;3;1.79;0.0;0.0;195.0
-2.0;69.0;1032.0;3.0;1;0.89;0.0;0.0;188.0
-3.0;80.0;1032.0;0.0;3;0.89;0.0;0.0;206.0
-2.0;86.0;1032.0;0.0;1;0.89;0.0;0.0;224.0
-2.0;86.0;1032.0;0.0;8;0.45;0.0;0.0;193.0
-3.0;92.0;1033.0;-2.0;1;0.89;0.0;0.0;170.0
-2.0;100.0;1033.0;-2.0;8;0.89;0.0;0.0;151.0
-3.0;92.0;1033.0;-2.0;3;1.79;0.0;0.0;149.0
-3.0;92.0;1033.0;-2.0;8;0.89;0.0;0.0;199.0
-3.0;92.0;1033.0;-2.0;3;0.89;0.0;0.0;216.0
-2.0;100.0;1032.0;-2.0;8;0.89;0.0;0.0;212.0
-2.0;100.0;1032.0;-2.0;8;1.78;0.0;0.0;204.0
-1.0;100.0;1032.0;-1.0;8;2.67;0.0;0.0;216.0
-1.0;92.0;1032.0;0.0;8;3.12;0.0;0.0;315.0
-1.0;92.0;1031.0;0.0;8;4.01;0.0;0.0;298.0
-1.0;92.0;1031.0;0.0;8;4.9;0.0;0.0;241.0
-2.0;86.0;1032.0;0.0;1;0.89;0.0;0.0;237.0
-1.0;92.0;1032.0;0.0;3;1.79;0.0;0.0;200.0
-1.0;92.0;1032.0;0.0;3;2.68;0.0;0.0;16.0
-1.0;86.0;1032.0;1.0;8;0.89;0.0;0.0;16.0
-1.0;86.0;1032.0;1.0;1;1.79;0.0;0.0;16.0
0.0;93.0;1031.0;1.0;8;0.89;0.0;0.0;317.0
0.0;86.0;1030.0;2.0;8;1.78;0.0;0.0;294.0
0.0;86.0;1029.0;2.0;3;0.89;0.0;0.0;317.0
0.0;86.0;1029.0;2.0;8;0.89;0.0;0.0;293.0
0.0;86.0;1029.0;2.0;8;1.78;0.0;0.0;306.0
-1.0;86.0;1029.0;1.0;3;1.79;0.0;0.0;350.0
-1.0;86.0;1029.0;1.0;3;2.68;0.0;0.0;329.0
-1.0;86.0;1029.0;1.0;8;0.89;0.0;0.0;302.0
0.0;93.0;1029.0;1.0;8;1.78;0.0;0.0;278.0
0.0;93.0;1029.0;1.0;1;0.89;0.0;0.0;289.0
0.0;93.0;1029.0;1.0;1;2.68;0.0;0.0;296.0
0.0;93.0;1029.0;1.0;8;0.45;0.0;0.0;16.0
0.0;93.0;1028.0;1.0;1;0.89;0.0;0.0;16.0
0.0;93.0;1028.0;1.0;7;1.79;0.0;0.0;269.0
1.0;100.0;1027.0;1.0;7;3.58;0.0;0.0;261.0
1.0;100.0;1027.0;1.0;7;6.71;0.0;0.0;256.0
1.0;100.0;1027.0;1.0;7;9.84;0.0;0.0;235.0
1.0;100.0;1026.0;1.0;7;11.63;0.0;0.0;250.0
1.0;93.0;1026.0;2.0;7;13.42;0.0;0.0;240.0
1.0;100.0;1026.0;1.0;7;15.21;0.0;0.0;214.0
1.0;93.0;1026.0;2.0;7;18.34;0.0;0.0;218.0
2.0;100.0;1027.0;2.0;8;0.89;0.0;0.0;254.0
2.0;93.0;1027.0;3.0;7;1.79;0.0;0.0;16.0
2.0;93.0;1026.0;3.0;7;4.92;0.0;0.0;261.0
3.0;93.0;1025.0;4.0;7;8.05;0.0;0.0;265.0
2.0;80.0;1024.0;5.0;8;0.89;0.0;0.0;268.0
2.0;80.0;1023.0;5.0;8;1.78;0.0;0.0;273.0
2.0;80.0;1023.0;5.0;8;2.23;0.0;0.0;279.0
1.0;80.0;1023.0;4.0;7;0.89;0.0;0.0;292.0
1.0;86.0;1023.0;3.0;8;0.45;0.0;0.0;301.0
0.0;86.0;1024.0;2.0;8;1.34;0.0;0.0;301.0
1.0;86.0;1024.0;3.0;8;2.23;0.0;0.0;299.0
1.0;86.0;1025.0;3.0;3;0.89;0.0;0.0;319.0
1.0;86.0;1024.0;3.0;1;0.89;0.0;0.0;306.0
1.0;86.0;1024.0;3.0;7;1.79;0.0;0.0;261.0
1.0;93.0;1024.0;2.0;7;3.58;0.0;0.0;244.0
0.0;93.0;1023.0;1.0;7;5.37;0.0;0.0;246.0
0.0;93.0;1023.0;1.0;7;7.16;0.0;0.0;273.0
-1.0;92.0;1023.0;0.0;7;8.95;0.0;0.0;268.0
-2.0;92.0;1023.0;-1.0;7;10.74;0.0;0.0;242.0
-1.0;100.0;1023.0;-1.0;7;12.53;0.0;0.0;247.0
-1.0;100.0;1023.0;-1.0;8;0.89;0.0;0.0;235.0
-3.0;100.0;1023.0;-3.0;7;3.13;0.0;0.0;194.0
-2.0;100.0;1024.0;-2.0;7;7.15;0.0;0.0;146.0
-1.0;92.0;1025.0;0.0;7;12.07;0.0;0.0;100.0
0.0;80.0;1026.0;3.0;7;16.09;0.0;0.0;59.0
1.0;70.0;1027.0;6.0;7;19.22;0.0;0.0;34.0
-2.0;52.0;1027.0;7.0;7;24.14;0.0;0.0;24.0
-4.0;39.0;1026.0;9.0;7;29.06;0.0;0.0;22.0
-7.0;31.0;1026.0;9.0;7;33.98;0.0;0.0;15.0
-7.0;31.0;1025.0;9.0;7;38.9;0.0;0.0;17.0
-8.0;29.0;1025.0;9.0;7;44.71;0.0;0.0;18.0
-9.0;28.0;1025.0;8.0;7;50.52;0.0;0.0;18.0
-10.0;30.0;1026.0;6.0;7;55.44;0.0;0.0;21.0
-9.0;33.0;1027.0;6.0;1;4.02;0.0;0.0;21.0
-10.0;32.0;1028.0;5.0;1;7.15;0.0;0.0;35.0
-9.0;40.0;1028.0;3.0;1;10.28;0.0;0.0;23.0
-8.0;54.0;1029.0;0.0;7;3.13;0.0;0.0;19.0
-9.0;47.0;1029.0;1.0;7;6.26;0.0;0.0;23.0
-8.0;58.0;1029.0;-1.0;7;9.39;0.0;0.0;25.0
-9.0;43.0;1030.0;2.0;1;4.02;0.0;0.0;18.0
-10.0;40.0;1029.0;2.0;1;8.04;0.0;0.0;21.0
-11.0;37.0;1029.0;2.0;1;12.06;0.0;0.0;21.0
-9.0;50.0;1030.0;0.0;7;3.13;0.0;0.0;19.0
-9.0;58.0;1029.0;-2.0;1;1.79;0.0;0.0;14.0
-9.0;68.0;1029.0;-4.0;7;3.13;0.0;0.0;18.0
-8.0;63.0;1030.0;-2.0;7;4.92;0.0;0.0;27.0
-9.0;68.0;1030.0;-4.0;7;8.05;0.0;0.0;35.0
-8.0;58.0;1031.0;-1.0;7;11.18;0.0;0.0;14.0
-8.0;47.0;1031.0;2.0;7;14.31;0.0;0.0;17.0
-10.0;37.0;1031.0;3.0;7;17.44;0.0;0.0;26.0
-10.0;32.0;1031.0;5.0;7;20.57;0.0;0.0;17.0
-10.0;32.0;1030.0;5.0;1;1.79;0.0;0.0;18.0
-10.0;30.0;1029.0;6.0;7;1.79;0.0;0.0;26.0
-11.0;28.0;1028.0;6.0;3;1.79;0.0;0.0;28.0
-11.0;28.0;1028.0;6.0;3;3.58;0.0;0.0;68.0
-11.0;30.0;1028.0;5.0;8;0.89;0.0;0.0;70.0
-10.0;37.0;1027.0;3.0;8;1.78;0.0;0.0;77.0
-8.0;54.0;1027.0;0.0;3;1.79;0.0;0.0;68.0
-7.0;55.0;1027.0;1.0;3;3.58;0.0;0.0;71.0
-6.0;63.0;1027.0;0.0;8;0.89;0.0;0.0;80.0
-5.0;74.0;1028.0;-1.0;7;1.79;0.0;0.0;102.0
-6.0;68.0;1028.0;-1.0;1;0.89;0.0;0.0;102.0
-5.0;74.0;1027.0;-1.0;3;0.89;0.0;0.0;119.0
-5.0;86.0;1027.0;-3.0;1;0.89;0.0;0.0;136.0
-5.0;86.0;1027.0;-3.0;8;0.45;0.0;0.0;175.0
-5.0;79.0;1027.0;-2.0;7;1.79;0.0;0.0;177.0
-5.0;79.0;1027.0;-2.0;8;0.89;0.0;0.0;153.0
-5.0;92.0;1026.0;-4.0;7;0.89;0.0;0.0;121.0
-6.0;85.0;1026.0;-4.0;7;2.68;0.0;0.0;113.0
-5.0;79.0;1026.0;-2.0;7;3.57;0.0;0.0;64.0
-5.0;79.0;1027.0;-2.0;8;0.89;0.0;0.0;49.0
-5.0;79.0;1027.0;-2.0;1;1.79;0.0;0.0;44.0
-5.0;69.0;1027.0;0.0;7;1.79;0.0;0.0;43.0
-6.0;59.0;1027.0;1.0;7;3.58;0.0;0.0;37.0
-5.0;59.0;1027.0;2.0;8;0.89;0.0;0.0;51.0
-5.0;55.0;1026.0;3.0;8;1.78;0.0;0.0;66.0
-5.0;51.0;1025.0;4.0;8;2.67;0.0;0.0;64.0
-5.0;48.0;1025.0;5.0;8;3.56;0.0;0.0;64.0
-6.0;44.0;1024.0;5.0;8;4.45;0.0;0.0;71.0
-6.0;48.0;1024.0;4.0;3;0.89;0.0;0.0;184.0
-6.0;55.0;1025.0;2.0;3;1.78;0.0;0.0;296.0
-5.0;64.0;1025.0;1.0;1;0.89;0.0;0.0;261.0
-5.0;74.0;1025.0;-1.0;1;1.78;0.0;0.0;271.0
-5.0;86.0;1026.0;-3.0;1;2.67;0.0;0.0;317.0
-5.0;86.0;1026.0;-3.0;3;1.79;0.0;0.0;371.0
-5.0;86.0;1027.0;-3.0;1;0.89;0.0;0.0;328.0
-5.0;86.0;1027.0;-3.0;1;1.78;0.0;0.0;361.0
-5.0;92.0;1027.0;-4.0;8;0.89;0.0;0.0;331.0
-5.0;92.0;1027.0;-4.0;3;0.89;0.0;0.0;332.0
-5.0;92.0;1027.0;-4.0;8;0.45;0.0;0.0;306.0
-5.0;92.0;1027.0;-4.0;7;1.79;0.0;0.0;215.0
-6.0;92.0;1027.0;-5.0;7;3.58;0.0;0.0;123.0
-6.0;92.0;1027.0;-5.0;8;0.89;0.0;0.0;85.0
-6.0;85.0;1027.0;-4.0;7;1.79;0.0;0.0;69.0
-5.0;92.0;1028.0;-4.0;1;0.89;0.0;0.0;66.0
-5.0;92.0;1028.0;-4.0;1;1.78;0.0;0.0;65.0
-5.0;86.0;1029.0;-3.0;7;0.89;0.0;0.0;74.0
-3.0;80.0;1029.0;0.0;8;0.89;0.0;0.0;90.0
-4.0;69.0;1029.0;1.0;8;1.78;0.0;0.0;145.0
-4.0;59.0;1028.0;3.0;8;2.67;0.0;0.0;179.0
-5.0;51.0;1027.0;4.0;8;4.46;0.0;0.0;206.0
-4.0;55.0;1026.0;4.0;3;1.79;0.0;0.0;234.0
-4.0;55.0;1026.0;4.0;3;3.58;0.0;0.0;218.0
-4.0;59.0;1026.0;3.0;3;4.47;0.0;0.0;183.0
-4.0;64.0;1026.0;2.0;8;0.89;0.0;0.0;188.0
-4.0;69.0;1026.0;1.0;8;1.78;0.0;0.0;204.0
-4.0;74.0;1026.0;0.0;3;1.79;0.0;0.0;213.0
-3.0;74.0;1026.0;1.0;3;3.58;0.0;0.0;220.0
-3.0;80.0;1026.0;0.0;3;4.47;0.0;0.0;278.0
-3.0;74.0;1026.0;1.0;8;0.45;0.0;0.0;290.0
-3.0;74.0;1026.0;1.0;8;1.34;0.0;0.0;201.0
-1.0;80.0;1026.0;2.0;8;2.23;0.3;0.3;223.0
0.0;93.0;1026.0;1.0;7;1.79;0.4;0.7;213.0
-1.0;92.0;1025.0;0.0;7;2.68;0.0;0.0;205.0
0.0;100.0;1025.0;0.0;1;0.89;0.2;0.2;204.0
0.0;100.0;1024.0;0.0;8;0.45;0.1;0.3;255.0
0.0;100.0;1024.0;0.0;1;0.89;0.0;0.0;286.0
0.0;100.0;1023.0;0.0;8;0.89;0.0;0.0;305.0
0.0;100.0;1024.0;0.0;3;0.89;0.2;0.2;334.0
0.0;100.0;1024.0;0.0;3;1.78;0.0;0.0;351.0
0.0;100.0;1024.0;0.0;1;0.89;0.0;0.0;346.0
0.0;100.0;1024.0;0.0;8;0.89;0.0;0.0;338.0
1.0;100.0;1024.0;1.0;3;0.89;0.0;0.0;204.0
2.0;93.0;1023.0;3.0;3;2.68;0.0;0.0;38.0
-1.0;65.0;1022.0;5.0;8;3.13;0.0;0.0;17.0
-6.0;41.0;1021.0;6.0;7;7.15;0.0;0.0;16.0
-8.0;35.0;1021.0;6.0;7;16.09;0.0;0.0;18.0
-9.0;33.0;1022.0;6.0;7;25.03;0.0;0.0;22.0
-8.0;38.0;1022.0;5.0;7;34.86;0.0;0.0;22.0
-9.0;35.0;1023.0;5.0;7;40.67;0.0;0.0;19.0
-10.0;35.0;1023.0;4.0;7;47.82;0.0;0.0;9.0
-10.0;35.0;1023.0;4.0;7;53.63;0.0;0.0;10.0
-10.0;35.0;1023.0;4.0;7;60.78;0.0;0.0;12.0
-12.0;32.0;1024.0;3.0;7;66.59;0.0;0.0;11.0
-12.0;34.0;1024.0;2.0;7;70.61;0.0;0.0;7.0
-11.0;40.0;1024.0;1.0;7;72.4;0.0;0.0;7.0
-12.0;34.0;1024.0;2.0;7;76.42;0.0;0.0;8.0
-12.0;34.0;1024.0;2.0;7;82.23;0.0;0.0;6.0
-12.0;34.0;1024.0;2.0;7;88.04;0.0;0.0;5.0
-12.0;37.0;1024.0;1.0;7;92.96;0.0;0.0;6.0
-11.0;46.0;1024.0;-1.0;7;96.98;0.0;0.0;6.0
-11.0;43.0;1024.0;0.0;7;101.0;0.0;0.0;4.0
-12.0;37.0;1025.0;1.0;7;105.02;0.0;0.0;2.0
-13.0;34.0;1025.0;1.0;7;110.83;0.0;0.0;6.0
-14.0;31.0;1026.0;1.0;7;118.88;0.0;0.0;10.0
-14.0;29.0;1027.0;2.0;7;124.69;0.0;0.0;6.0
-14.0;29.0;1027.0;2.0;7;132.74;0.0;0.0;6.0
-14.0;29.0;1027.0;2.0;7;140.79;0.0;0.0;6.0
-14.0;27.0;1026.0;3.0;7;149.73;0.0;0.0;8.0
-16.0;21.0;1026.0;4.0;7;160.91;0.0;0.0;5.0
-17.0;19.0;1026.0;4.0;7;172.09;0.0;0.0;4.0
-17.0;22.0;1026.0;2.0;7;181.92;0.0;0.0;5.0
-17.0;22.0;1027.0;2.0;7;193.1;0.0;0.0;7.0
-16.0;26.0;1028.0;1.0;7;202.04;0.0;0.0;9.0
-16.0;28.0;1029.0;0.0;7;207.85;0.0;0.0;7.0
-15.0;33.0;1029.0;-1.0;7;215.9;0.0;0.0;6.0
-15.0;33.0;1029.0;-1.0;7;224.84;0.0;0.0;7.0
-15.0;33.0;1029.0;-1.0;7;234.67;0.0;0.0;6.0
-15.0;36.0;1029.0;-2.0;7;245.85;0.0;0.0;4.0
-15.0;36.0;1029.0;-2.0;7;254.79;0.0;0.0;7.0
-15.0;36.0;1029.0;-2.0;7;265.97;0.0;0.0;8.0
-15.0;36.0;1029.0;-2.0;7;274.91;0.0;0.0;6.0
-15.0;36.0;1029.0;-2.0;7;282.96;0.0;0.0;4.0
-15.0;36.0;1029.0;-2.0;7;291.01;0.0;0.0;5.0
-16.0;33.0;1030.0;-2.0;7;299.06;0.0;0.0;4.0
-16.0;33.0;1030.0;-2.0;7;311.13;0.0;0.0;3.0
-16.0;33.0;1030.0;-2.0;7;320.96;0.0;0.0;7.0
-16.0;33.0;1031.0;-2.0;7;330.79;0.0;0.0;11.0
-16.0;33.0;1031.0;-2.0;7;340.62;0.0;0.0;10.0
-15.0;31.0;1031.0;0.0;7;350.45;0.0;0.0;6.0
-17.0;24.0;1031.0;1.0;7;361.63;0.0;0.0;9.0
-17.0;22.0;1031.0;2.0;7;371.46;0.0;0.0;9.0
-17.0;22.0;1030.0;2.0;7;382.64;0.0;0.0;7.0
-17.0;22.0;1030.0;2.0;7;392.47;0.0;0.0;6.0
-17.0;22.0;1030.0;2.0;7;403.65;0.0;0.0;4.0
-18.0;22.0;1031.0;1.0;7;412.59;0.0;0.0;3.0
-16.0;28.0;1032.0;0.0;7;422.42;0.0;0.0;8.0
-15.0;33.0;1033.0;-1.0;7;431.36;0.0;0.0;8.0
-16.0;33.0;1034.0;-2.0;7;440.3;0.0;0.0;9.0
-16.0;33.0;1035.0;-2.0;7;447.45;0.0;0.0;10.0
-16.0;33.0;1035.0;-2.0;7;455.5;0.0;0.0;10.0
-16.0;35.0;1035.0;-3.0;7;460.42;0.0;0.0;15.0
-15.0;39.0;1034.0;-3.0;7;465.34;0.0;0.0;16.0
-15.0;42.0;1034.0;-4.0;1;3.13;0.0;0.0;15.0
-14.0;53.0;1034.0;-6.0;7;4.02;0.0;0.0;16.0
-15.0;48.0;1034.0;-6.0;1;1.79;0.0;0.0;13.0
-15.0;52.0;1034.0;-7.0;8;0.89;0.0;0.0;12.0
-15.0;48.0;1034.0;-6.0;1;3.13;0.0;0.0;16.0
-15.0;48.0;1033.0;-6.0;1;7.15;0.0;0.0;11.0
-15.0;52.0;1034.0;-7.0;8;0.89;0.0;0.0;16.0
-14.0;53.0;1034.0;-6.0;8;1.78;0.0;0.0;24.0
-14.0;53.0;1034.0;-6.0;7;1.79;0.0;0.0;24.0
-13.0;49.0;1034.0;-4.0;8;0.89;0.0;0.0;32.0
-13.0;39.0;1034.0;-1.0;7;1.79;0.0;0.0;16.0
-13.0;36.0;1034.0;0.0;7;3.58;0.0;0.0;49.0
-14.0;29.0;1033.0;2.0;7;5.37;0.0;0.0;56.0
-15.0;25.0;1032.0;3.0;8;1.79;0.0;0.0;61.0
-15.0;23.0;1031.0;4.0;3;3.13;0.0;0.0;70.0
-15.0;23.0;1030.0;4.0;3;7.15;0.0;0.0;61.0
-15.0;25.0;1030.0;3.0;3;10.28;0.0;0.0;73.0
-15.0;27.0;1030.0;2.0;3;12.07;0.0;0.0;90.0
-14.0;31.0;1030.0;1.0;3;15.2;0.0;0.0;104.0
-14.0;29.0;1030.0;2.0;3;16.99;0.0;0.0;118.0
-13.0;34.0;1031.0;1.0;3;18.78;0.0;0.0;126.0
-13.0;34.0;1031.0;1.0;7;1.79;0.0;0.0;128.0
-10.0;58.0;1031.0;-3.0;8;0.89;0.0;0.0;139.0
-11.0;62.0;1030.0;-5.0;1;0.89;0.0;0.0;145.0
-10.0;73.0;1030.0;-6.0;8;0.89;0.0;0.0;152.0
-10.0;73.0;1030.0;-6.0;7;1.79;0.0;0.0;169.0
-11.0;73.0;1030.0;-7.0;7;3.58;0.0;0.0;194.0
-11.0;73.0;1031.0;-7.0;7;5.37;0.0;0.0;191.0
-11.0;62.0;1031.0;-5.0;7;7.16;0.0;0.0;113.0
-11.0;73.0;1031.0;-7.0;7;10.29;0.0;0.0;65.0
-11.0;67.0;1031.0;-6.0;8;0.89;0.0;0.0;59.0
-11.0;78.0;1032.0;-8.0;7;1.79;0.0;0.0;53.0
-10.0;67.0;1033.0;-5.0;1;4.02;0.0;0.0;56.0
-9.0;54.0;1034.0;-1.0;7;4.02;0.0;0.0;35.0
-11.0;34.0;1035.0;3.0;1;4.02;0.0;0.0;42.0
-11.0;32.0;1035.0;4.0;1;8.04;0.0;0.0;32.0
-10.0;30.0;1034.0;6.0;1;12.06;0.0;0.0;28.0
-10.0;30.0;1034.0;6.0;1;15.19;0.0;0.0;28.0
-11.0;26.0;1033.0;7.0;1;18.32;0.0;0.0;24.0
-10.0;28.0;1033.0;7.0;1;21.45;0.0;0.0;20.0
-11.0;28.0;1034.0;6.0;8;0.89;0.0;0.0;22.0
-11.0;32.0;1035.0;4.0;3;0.89;0.0;0.0;31.0
-10.0;43.0;1035.0;1.0;8;0.45;0.0;0.0;54.0
-10.0;40.0;1036.0;2.0;3;1.79;0.0;0.0;64.0
-8.0;63.0;1036.0;-2.0;3;2.68;0.0;0.0;81.0
-8.0;68.0;1037.0;-3.0;8;0.89;0.0;0.0;89.0
-8.0;63.0;1037.0;-2.0;8;1.34;0.0;0.0;84.0
-7.0;73.0;1037.0;-3.0;8;2.23;0.0;0.0;97.0
-9.0;58.0;1037.0;-2.0;3;1.79;0.0;0.0;119.0
-8.0;68.0;1037.0;-3.0;8;0.89;0.0;0.0;129.0
-8.0;79.0;1037.0;-5.0;1;0.89;0.0;0.0;164.0
-6.0;85.0;1038.0;-4.0;1;1.78;0.0;0.0;237.0
-8.0;85.0;1037.0;-6.0;7;0.89;0.0;0.0;261.0
-8.0;85.0;1037.0;-6.0;7;1.78;0.0;0.0;236.0
-8.0;92.0;1037.0;-7.0;7;2.67;0.0;0.0;208.0
-7.0;92.0;1037.0;-6.0;7;3.56;0.0;0.0;16.0
-7.0;92.0;1037.0;-6.0;1;0.89;0.0;0.0;16.0
-6.0;85.0;1038.0;-4.0;7;1.79;0.0;0.0;112.0
-6.0;68.0;1038.0;-1.0;8;0.89;0.0;0.0;106.0
-6.0;63.0;1037.0;0.0;8;1.78;0.0;0.0;108.0
-5.0;59.0;1036.0;2.0;8;2.67;0.0;0.0;113.0
-6.0;51.0;1034.0;3.0;8;3.56;0.0;0.0;139.0
-5.0;55.0;1034.0;3.0;8;4.45;0.0;0.0;16.0
-5.0;55.0;1033.0;3.0;8;5.34;0.0;0.0;16.0
-4.0;64.0;1033.0;2.0;3;0.89;0.0;0.0;16.0
-5.0;69.0;1033.0;0.0;3;1.78;0.0;0.0;16.0
-5.0;79.0;1033.0;-2.0;1;0.89;0.0;0.0;16.0
-3.0;86.0;1033.0;-1.0;8;0.89;0.0;0.0;16.0
-4.0;80.0;1032.0;-1.0;1;0.89;0.0;0.0;16.0
-4.0;86.0;1032.0;-2.0;1;1.78;0.0;0.0;193.0
-4.0;86.0;1032.0;-2.0;3;0.89;0.0;0.0;16.0
-4.0;92.0;1032.0;-3.0;7;0.89;0.0;0.0;236.0
-4.0;92.0;1031.0;-3.0;3;0.89;0.0;0.0;256.0
-4.0;92.0;1030.0;-3.0;8;0.89;0.0;0.0;231.0
-5.0;92.0;1030.0;-4.0;7;1.79;0.0;0.0;220.0
-5.0;86.0;1029.0;-3.0;1;0.89;0.0;0.0;212.0
-5.0;86.0;1028.0;-3.0;7;0.89;0.0;0.0;177.0
-5.0;92.0;1028.0;-4.0;1;0.89;0.0;0.0;185.0
-6.0;85.0;1028.0;-4.0;7;1.79;0.0;0.0;174.0
-6.0;92.0;1028.0;-5.0;8;0.89;0.0;0.0;177.0
-4.0;92.0;1027.0;-3.0;1;0.89;0.0;0.0;155.0
-4.0;92.0;1028.0;-3.0;3;0.89;0.0;0.0;150.0
-3.0;86.0;1027.0;-1.0;8;0.89;0.0;0.0;161.0
-3.0;74.0;1027.0;1.0;1;1.79;0.0;0.0;182.0
-3.0;69.0;1026.0;2.0;8;0.89;0.0;0.0;199.0
-3.0;69.0;1025.0;2.0;8;1.78;0.0;0.0;204.0
-3.0;69.0;1024.0;2.0;8;2.67;0.0;0.0;198.0
-3.0;69.0;1024.0;2.0;8;3.56;0.0;0.0;206.0
-3.0;74.0;1024.0;1.0;3;0.89;0.0;0.0;227.0
-3.0;80.0;1024.0;0.0;3;1.78;0.0;0.0;230.0
-3.0;92.0;1024.0;-2.0;8;0.89;0.0;0.0;242.0
-5.0;86.0;1025.0;-3.0;3;0.89;0.0;0.0;335.0
-4.0;92.0;1025.0;-3.0;8;0.89;0.0;0.0;373.0
-4.0;100.0;1025.0;-4.0;8;1.78;0.0;0.0;384.0
-5.0;100.0;1025.0;-5.0;8;2.67;0.0;0.0;428.0
-5.0;100.0;1025.0;-5.0;8;3.56;0.0;0.0;411.0
-6.0;92.0;1026.0;-5.0;1;0.89;0.0;0.0;379.0
-7.0;92.0;1026.0;-6.0;7;1.79;0.0;0.0;319.0
-6.0;92.0;1026.0;-5.0;7;4.92;0.0;0.0;273.0
-7.0;92.0;1026.0;-6.0;7;6.71;0.0;0.0;200.0
-6.0;100.0;1026.0;-6.0;7;8.5;0.0;0.0;192.0
-7.0;92.0;1026.0;-6.0;7;10.29;0.0;0.0;191.0
-7.0;92.0;1026.0;-6.0;7;13.42;0.0;0.0;203.0
-7.0;92.0;1026.0;-6.0;7;15.21;0.0;0.0;174.0
-7.0;92.0;1028.0;-6.0;7;17.0;0.0;0.0;161.0
-5.0;92.0;1028.0;-4.0;8;0.89;0.0;0.0;163.0
-4.0;80.0;1029.0;-1.0;7;3.13;0.0;0.0;172.0
-4.0;69.0;1029.0;1.0;7;6.26;0.0;0.0;178.0
-5.0;59.0;1028.0;2.0;8;0.89;0.0;0.0;194.0
-5.0;51.0;1027.0;4.0;1;1.79;0.0;0.0;185.0
-6.0;41.0;1026.0;6.0;7;1.79;0.0;0.0;179.0
-5.0;45.0;1026.0;6.0;7;4.92;0.0;0.0;156.0
-5.0;51.0;1026.0;4.0;8;0.89;0.0;0.0;143.0
-5.0;51.0;1026.0;4.0;7;1.79;0.0;0.0;154.0
-5.0;55.0;1027.0;3.0;7;3.58;0.0;0.0;211.0
-4.0;74.0;1028.0;0.0;3;1.79;0.0;0.0;372.0
-5.0;86.0;1029.0;-3.0;8;0.89;0.0;0.0;385.0
-6.0;85.0;1029.0;-4.0;3;1.79;0.0;0.0;384.0
-4.0;92.0;1029.0;-3.0;3;2.68;0.0;0.0;412.0
-5.0;86.0;1029.0;-3.0;8;0.89;0.0;0.0;407.0
-6.0;85.0;1029.0;-4.0;7;1.79;0.0;0.0;383.0
-5.0;86.0;1029.0;-3.0;7;3.58;0.0;0.0;360.0
-6.0;92.0;1029.0;-5.0;7;5.37;0.0;0.0;303.0
-6.0;85.0;1029.0;-4.0;7;7.16;0.0;0.0;186.0
-6.0;85.0;1029.0;-4.0;7;8.05;0.0;0.0;209.0
-7.0;85.0;1028.0;-5.0;7;9.84;0.0;0.0;212.0
-7.0;92.0;1028.0;-6.0;7;11.63;0.0;0.0;281.0
-7.0;92.0;1029.0;-6.0;8;0.45;0.0;0.0;208.0
-7.0;92.0;1029.0;-6.0;8;1.34;0.0;0.0;158.0
-7.0;92.0;1030.0;-6.0;1;0.89;0.0;0.0;165.0
-4.0;92.0;1030.0;-3.0;7;0.89;0.0;0.0;214.0
-3.0;86.0;1030.0;-1.0;8;0.89;0.0;0.0;312.0
-3.0;80.0;1029.0;0.0;8;1.78;0.0;0.0;378.0
-4.0;69.0;1028.0;1.0;8;2.67;0.0;0.0;407.0
-4.0;69.0;1027.0;1.0;8;3.56;0.0;0.0;463.0
-4.0;74.0;1026.0;0.0;8;4.45;0.0;0.0;508.0
-3.0;92.0;1026.0;-2.0;3;3.13;0.0;0.0;480.0
-3.0;100.0;1026.0;-3.0;8;0.89;0.0;0.0;447.0
-2.0;100.0;1026.0;-2.0;8;1.78;0.0;0.0;424.0
-2.0;100.0;1026.0;-2.0;8;2.67;0.0;0.0;416.0
-2.0;92.0;1027.0;-1.0;8;3.56;0.0;0.0;426.0
-2.0;100.0;1027.0;-2.0;8;4.45;0.0;0.0;391.0
-3.0;100.0;1027.0;-3.0;3;1.79;0.0;0.0;387.0
-3.0;100.0;1027.0;-3.0;8;0.89;0.0;0.0;369.0
-3.0;92.0;1027.0;-2.0;8;1.34;0.0;0.0;360.0
-3.0;100.0;1027.0;-3.0;8;2.23;0.0;0.0;361.0
-4.0;92.0;1027.0;-3.0;8;3.12;0.0;0.0;416.0
-4.0;100.0;1027.0;-4.0;7;1.79;0.0;0.0;432.0
-4.0;100.0;1027.0;-4.0;7;3.58;0.0;0.0;404.0
-5.0;92.0;1026.0;-4.0;7;5.37;0.0;0.0;379.0
-6.0;100.0;1026.0;-6.0;7;7.16;0.0;0.0;319.0
-6.0;100.0;1026.0;-6.0;7;8.95;0.0;0.0;320.0
-8.0;92.0;1027.0;-7.0;7;10.74;0.0;0.0;316.0
-5.0;92.0;1027.0;-4.0;7;13.87;0.0;0.0;321.0
-3.0;86.0;1028.0;-1.0;7;17.89;0.0;0.0;288.0
-3.0;69.0;1028.0;2.0;7;19.68;0.0;0.0;213.0
-5.0;45.0;1027.0;6.0;7;22.81;0.0;0.0;178.0
-7.0;38.0;1026.0;6.0;1;3.13;0.0;0.0;98.0
-8.0;33.0;1025.0;7.0;7;1.79;0.0;0.0;91.0
-8.0;33.0;1025.0;7.0;1;1.79;0.0;0.0;89.0
-9.0;35.0;1025.0;5.0;1;3.58;0.0;0.0;107.0
-9.0;43.0;1025.0;2.0;8;0.89;0.0;0.0;125.0
-8.0;54.0;1026.0;0.0;8;1.78;0.0;0.0;184.0
-8.0;54.0;1026.0;0.0;8;2.67;0.0;0.0;271.0
-6.0;68.0;1026.0;-1.0;8;3.56;0.0;0.0;309.0
-6.0;68.0;1027.0;-1.0;8;4.45;0.0;0.0;291.0
-7.0;55.0;1027.0;1.0;7;1.79;0.0;0.0;135.0
-8.0;50.0;1028.0;1.0;7;4.92;0.0;0.0;102.0
-6.0;63.0;1028.0;0.0;7;8.05;0.0;0.0;75.0
-9.0;43.0;1027.0;2.0;8;0.89;0.0;0.0;59.0
-10.0;40.0;1027.0;2.0;1;4.02;0.0;0.0;57.0
-10.0;43.0;1027.0;1.0;1;8.04;0.0;0.0;45.0
-8.0;58.0;1026.0;-1.0;7;4.02;0.0;0.0;33.0
-9.0;63.0;1026.0;-3.0;7;7.15;0.0;0.0;39.0
-9.0;58.0;1027.0;-2.0;8;0.89;0.0;0.0;38.0
-10.0;62.0;1027.0;-4.0;8;1.78;0.0;0.0;41.0
-10.0;62.0;1028.0;-4.0;8;2.67;0.0;0.0;49.0
-6.0;74.0;1028.0;-2.0;8;3.56;0.0;0.0;53.0
-8.0;50.0;1029.0;1.0;3;0.89;0.0;0.0;71.0
-6.0;55.0;1029.0;2.0;3;2.68;0.0;0.0;93.0
-3.0;69.0;1028.0;2.0;3;5.81;0.0;0.0;61.0
-2.0;69.0;1027.0;3.0;3;7.6;0.0;0.0;31.0
-2.0;74.0;1026.0;2.0;3;10.73;0.0;0.0;33.0
-9.0;33.0;1026.0;6.0;7;4.92;0.0;0.0;36.0
-12.0;26.0;1026.0;6.0;7;12.07;0.0;0.0;33.0
-5.0;59.0;1027.0;2.0;8;3.13;0.0;0.0;40.0
-4.0;86.0;1027.0;-2.0;8;4.02;0.0;0.0;42.0
-4.0;86.0;1027.0;-2.0;8;4.91;0.0;0.0;51.0
-5.0;92.0;1027.0;-4.0;8;5.8;0.0;0.0;195.0
-4.0;92.0;1026.0;-3.0;3;1.79;0.0;0.0;360.0
-5.0;92.0;1026.0;-4.0;8;0.89;0.0;0.0;378.0
-6.0;92.0;1026.0;-5.0;3;1.79;0.0;0.0;497.0
-5.0;100.0;1025.0;-5.0;8;0.89;0.0;0.0;512.0
-5.0;100.0;1025.0;-5.0;3;0.89;0.0;0.0;574.0
-5.0;100.0;1024.0;-5.0;3;2.68;0.0;0.0;620.0
-5.0;100.0;1024.0;-5.0;1;1.79;0.0;0.0;515.0
-4.0;100.0;1022.0;-4.0;8;0.89;0.0;0.0;483.0
-4.0;100.0;1021.0;-4.0;8;1.78;0.0;0.0;506.0
-4.0;100.0;1021.0;-4.0;8;2.67;0.0;0.0;565.0
-4.0;92.0;1020.0;-3.0;8;3.56;0.0;0.0;604.0
-4.0;100.0;1020.0;-4.0;8;4.45;0.0;0.0;584.0
-4.0;100.0;1020.0;-4.0;3;0.89;0.0;0.0;570.0
-4.0;100.0;1020.0;-4.0;8;0.89;0.0;0.0;567.0
-3.0;100.0;1020.0;-3.0;8;1.78;0.0;0.0;572.0
-3.0;100.0;1018.0;-3.0;8;2.67;0.0;0.0;580.0
-3.0;100.0;1016.0;-3.0;3;1.79;0.0;0.0;593.0
-3.0;92.0;1016.0;-2.0;3;3.58;0.0;0.0;595.0
-4.0;86.0;1016.0;-2.0;3;5.37;0.0;0.0;605.0
-4.0;92.0;1016.0;-3.0;3;7.16;0.0;0.0;586.0
-4.0;92.0;1016.0;-3.0;8;0.89;0.0;0.0;493.0
-4.0;92.0;1017.0;-3.0;8;1.78;0.0;0.0;488.0
-4.0;92.0;1017.0;-3.0;8;2.67;0.0;0.0;455.0
-4.0;92.0;1017.0;-3.0;1;0.89;0.0;0.0;441.0
-4.0;92.0;1017.0;-3.0;1;1.78;0.0;0.0;440.0
-4.0;92.0;1017.0;-3.0;8;0.89;0.0;0.0;475.0
-4.0;92.0;1017.0;-3.0;8;1.78;0.0;0.0;471.0
-4.0;92.0;1017.0;-3.0;7;1.79;0.0;0.0;499.0
-4.0;100.0;1017.0;-4.0;7;3.58;0.0;0.0;485.0
-4.0;100.0;1017.0;-4.0;1;1.79;0.0;0.0;475.0
-4.0;100.0;1017.0;-4.0;8;0.89;0.0;0.0;488.0
-4.0;100.0;1017.0;-4.0;1;1.79;0.0;0.0;458.0
-5.0;100.0;1018.0;-5.0;8;0.89;0.0;0.0;396.0
-5.0;100.0;1018.0;-5.0;7;1.79;0.0;0.0;337.0
-5.0;100.0;1019.0;-5.0;8;0.89;0.0;0.0;288.0
-6.0;100.0;1021.0;-6.0;1;1.79;0.0;0.0;301.0
-5.0;100.0;1022.0;-5.0;3;3.13;0.0;0.0;357.0
-5.0;92.0;1024.0;-4.0;3;7.15;0.0;0.0;300.0
-4.0;92.0;1025.0;-3.0;3;10.28;0.0;0.0;268.0
-4.0;80.0;1025.0;-1.0;3;14.3;0.0;0.0;206.0
-4.0;80.0;1026.0;-1.0;3;17.43;0.0;0.0;117.0
-5.0;69.0;1026.0;0.0;8;0.89;0.0;0.0;102.0
-6.0;63.0;1027.0;0.0;3;1.79;0.0;0.0;113.0
-4.0;74.0;1028.0;0.0;7;1.79;0.0;0.0;173.0
-4.0;80.0;1029.0;-1.0;7;5.81;0.0;0.0;143.0
-5.0;86.0;1031.0;-3.0;1;1.79;0.0;0.0;156.0
-5.0;79.0;1032.0;-2.0;8;0.89;0.0;0.0;161.0
-5.0;92.0;1034.0;-4.0;1;0.89;0.0;0.0;123.0
-7.0;68.0;1035.0;-2.0;3;4.02;0.0;0.0;67.0
-8.0;68.0;1036.0;-3.0;3;8.04;0.0;0.0;47.0
-9.0;63.0;1037.0;-3.0;3;9.83;0.0;0.0;44.0
-10.0;62.0;1038.0;-4.0;3;12.96;0.0;0.0;32.0
-10.0;62.0;1038.0;-4.0;1;1.79;0.0;0.0;31.0
-10.0;62.0;1038.0;-4.0;1;3.58;0.0;0.0;32.0
-10.0;62.0;1039.0;-4.0;1;4.47;0.0;0.0;28.0
-17.0;38.0;1039.0;-5.0;1;6.26;0.0;0.0;28.0
-20.0;32.0;1039.0;-6.0;8;0.89;0.0;0.0;34.0
-20.0;32.0;1039.0;-6.0;1;1.79;0.0;0.0;23.0
-18.0;38.0;1039.0;-6.0;1;3.58;0.0;0.0;20.0
-20.0;32.0;1039.0;-6.0;1;5.37;0.0;0.0;15.0
-19.0;34.0;1040.0;-6.0;1;7.16;0.0;0.0;24.0
-18.0;38.0;1040.0;-6.0;1;8.95;0.0;0.0;30.0
-16.0;45.0;1040.0;-6.0;1;10.74;0.0;0.0;46.0
-15.0;45.0;1040.0;-5.0;7;1.79;0.0;0.0;56.0
-13.0;49.0;1039.0;-4.0;8;0.89;0.0;0.0;59.0
-13.0;49.0;1038.0;-4.0;7;1.79;0.0;0.0;68.0
-12.0;49.0;1038.0;-3.0;7;3.58;0.0;0.0;70.0
-12.0;57.0;1038.0;-5.0;7;5.37;0.0;0.0;73.0
-12.0;57.0;1038.0;-5.0;7;7.16;0.0;0.0;78.0
-12.0;62.0;1038.0;-6.0;8;0.89;0.0;0.0;87.0
-12.0;67.0;1038.0;-7.0;1;0.89;0.0;0.0;85.0
-12.0;72.0;1038.0;-8.0;1;1.78;0.0;0.0;122.0
-10.0;85.0;1038.0;-8.0;8;0.45;0.0;0.0;104.0
-12.0;78.0;1038.0;-9.0;8;0.9;0.0;0.0;101.0
-12.0;78.0;1038.0;-9.0;7;1.79;0.0;0.0;103.0
-12.0;78.0;1037.0;-9.0;7;4.92;0.0;0.0;120.0
-13.0;78.0;1037.0;-10.0;7;6.71;0.0;0.0;115.0
-14.0;78.0;1037.0;-11.0;7;9.84;0.0;0.0;72.0
-13.0;85.0;1037.0;-11.0;7;11.63;0.0;0.0;71.0
-13.0;78.0;1036.0;-10.0;7;13.42;0.0;0.0;66.0
-13.0;78.0;1036.0;-10.0;7;16.55;0.0;0.0;65.0
-13.0;85.0;1036.0;-11.0;7;19.68;0.0;0.0;73.0
-13.0;78.0;1036.0;-10.0;7;22.81;0.0;0.0;107.0
-13.0;67.0;1037.0;-8.0;7;25.94;0.0;0.0;161.0
-12.0;62.0;1037.0;-6.0;7;29.07;0.0;0.0;86.0
-12.0;53.0;1037.0;-4.0;7;33.09;0.0;0.0;48.0
-12.0;42.0;1037.0;-1.0;7;37.11;0.0;0.0;57.0
-13.0;34.0;1036.0;1.0;7;40.24;0.0;0.0;64.0
-13.0;31.0;1034.0;2.0;7;43.37;0.0;0.0;62.0
-12.0;30.0;1034.0;4.0;8;0.89;0.0;0.0;66.0
-12.0;32.0;1033.0;3.0;7;1.79;0.0;0.0;65.0
-12.0;32.0;1033.0;3.0;3;1.79;0.0;0.0;109.0
-12.0;37.0;1033.0;1.0;8;0.89;0.0;0.0;119.0
-9.0;54.0;1033.0;-1.0;8;1.78;0.0;0.0;143.0
-9.0;58.0;1033.0;-2.0;3;1.79;0.0;0.0;153.0
-8.0;63.0;1033.0;-2.0;8;0.89;0.0;0.0;181.0
-7.0;73.0;1033.0;-3.0;3;0.89;0.0;0.0;209.0
-7.0;73.0;1033.0;-3.0;3;1.78;0.0;0.0;234.0
-8.0;79.0;1033.0;-5.0;8;0.89;0.0;0.0;252.0
-8.0;79.0;1032.0;-5.0;1;0.89;0.0;0.0;294.0
-8.0;85.0;1032.0;-6.0;3;0.89;0.0;0.0;301.0
-7.0;85.0;1032.0;-5.0;8;0.89;0.0;0.0;315.0
-6.0;85.0;1032.0;-4.0;7;1.79;0.0;0.0;326.0
-7.0;85.0;1031.0;-5.0;1;0.89;0.0;0.0;316.0
-8.0;92.0;1030.0;-7.0;7;0.89;0.0;0.0;337.0
-8.0;92.0;1030.0;-7.0;7;1.78;0.0;0.0;301.0
-8.0;92.0;1030.0;-7.0;8;0.45;0.0;0.0;215.0
-7.0;92.0;1030.0;-6.0;7;0.89;0.0;0.0;201.0
-7.0;85.0;1030.0;-5.0;1;0.89;0.0;0.0;179.0
-5.0;79.0;1030.0;-2.0;1;2.68;0.0;0.0;165.0
-7.0;59.0;1029.0;0.0;8;0.89;0.0;0.0;196.0
-8.0;50.0;1028.0;1.0;7;1.79;0.0;0.0;236.0
-7.0;51.0;1027.0;2.0;8;0.89;0.0;0.0;245.0
-6.0;51.0;1026.0;3.0;8;1.34;0.0;0.0;264.0
-6.0;51.0;1026.0;3.0;8;2.23;0.0;0.0;318.0
-6.0;51.0;1026.0;3.0;3;0.89;0.0;0.0;360.0
-6.0;68.0;1026.0;-1.0;3;1.78;0.0;0.0;407.0
-5.0;74.0;1027.0;-1.0;8;0.89;0.0;0.0;447.0
-6.0;79.0;1027.0;-3.0;8;1.78;0.0;0.0;545.0
-6.0;79.0;1028.0;-3.0;3;0.89;0.0;0.0;556.0
-6.0;85.0;1028.0;-4.0;8;0.89;0.0;0.0;499.0
-4.0;86.0;1028.0;-2.0;3;1.79;0.0;0.0;472.0
-7.0;92.0;1028.0;-6.0;8;0.89;0.0;0.0;470.0
-7.0;92.0;1028.0;-6.0;1;1.79;0.0;0.0;536.0
-6.0;92.0;1028.0;-5.0;7;1.79;0.0;0.0;418.0
-7.0;92.0;1028.0;-6.0;1;1.79;0.0;0.0;460.0
-7.0;92.0;1028.0;-6.0;1;3.58;0.0;0.0;331.0
-6.0;92.0;1028.0;-5.0;7;1.79;0.0;0.0;228.0
-6.0;85.0;1028.0;-4.0;8;0.89;0.0;0.0;173.0
-6.0;92.0;1029.0;-5.0;7;1.79;0.0;0.0;45.0
-5.0;74.0;1029.0;-1.0;7;5.81;0.0;0.0;13.0
-6.0;85.0;1030.0;-4.0;1;1.79;0.0;0.0;10.0
-6.0;63.0;1031.0;0.0;7;3.13;0.0;0.0;8.0
-7.0;47.0;1031.0;3.0;7;7.15;0.0;0.0;12.0
-11.0;30.0;1031.0;5.0;7;16.09;0.0;0.0;13.0
-11.0;28.0;1031.0;6.0;7;23.24;0.0;0.0;9.0
-11.0;26.0;1030.0;7.0;7;31.29;0.0;0.0;14.0
-11.0;28.0;1030.0;6.0;7;38.44;0.0;0.0;14.0
-11.0;28.0;1030.0;6.0;7;46.49;0.0;0.0;11.0
-11.0;30.0;1030.0;5.0;7;53.64;0.0;0.0;8.0
-11.0;32.0;1031.0;4.0;7;57.66;0.0;0.0;6.0
-11.0;34.0;1031.0;3.0;7;61.68;0.0;0.0;15.0
-11.0;46.0;1032.0;-1.0;7;63.47;0.0;0.0;17.0
-10.0;54.0;1033.0;-2.0;7;66.6;0.0;0.0;20.0
-10.0;50.0;1034.0;-1.0;7;70.62;0.0;0.0;22.0
-11.0;58.0;1034.0;-4.0;7;73.75;0.0;0.0;33.0
-11.0;53.0;1034.0;-3.0;1;1.79;0.0;0.0;26.0
-11.0;62.0;1034.0;-5.0;7;1.79;0.0;0.0;28.0
-9.0;73.0;1034.0;-5.0;7;3.58;0.0;0.0;27.0
-11.0;73.0;1034.0;-7.0;7;5.37;0.0;0.0;24.0
-11.0;67.0;1034.0;-6.0;7;8.5;0.0;0.0;23.0
-11.0;73.0;1034.0;-7.0;7;10.29;0.0;0.0;19.0
-11.0;73.0;1034.0;-7.0;7;12.08;0.0;0.0;14.0
-12.0;72.0;1034.0;-8.0;7;15.21;0.0;0.0;19.0
-11.0;73.0;1034.0;-7.0;7;18.34;0.0;0.0;25.0
-11.0;67.0;1034.0;-6.0;7;20.13;0.0;0.0;22.0
-8.0;68.0;1035.0;-3.0;7;23.26;0.0;0.0;25.0
-9.0;50.0;1035.0;0.0;7;26.39;0.0;0.0;29.0
-10.0;43.0;1035.0;1.0;7;28.18;0.0;0.0;31.0
-10.0;37.0;1033.0;3.0;8;0.89;0.0;0.0;40.0
-11.0;34.0;1032.0;3.0;7;1.79;0.0;0.0;43.0
-10.0;35.0;1031.0;4.0;3;1.79;0.0;0.0;48.0
-11.0;32.0;1031.0;4.0;3;3.58;0.0;0.0;58.0
-10.0;37.0;1031.0;3.0;3;4.47;0.0;0.0;69.0
-10.0;43.0;1030.0;1.0;3;5.36;0.0;0.0;91.0
-10.0;58.0;1030.0;-3.0;3;6.25;0.0;0.0;114.0
-8.0;68.0;1031.0;-3.0;3;7.14;0.0;0.0;133.0
-8.0;63.0;1030.0;-2.0;3;8.03;0.0;0.0;169.0
-10.0;73.0;1030.0;-6.0;1;0.89;0.0;0.0;203.0
-10.0;73.0;1030.0;-6.0;1;1.78;0.0;0.0;212.0
-9.0;79.0;1029.0;-6.0;1;2.67;0.0;0.0;235.0
